Row ID,Month,Calendar Year,Fiscal Year,Month Date,Route,Riders
1,Jul,2013,FY13-14,07/01/2013,108,"1,606"
2,Jul,2013,FY13-14,07/01/2013,112,"35,972"
3,Jul,2013,FY13-14,07/01/2013,120,"8,907"
4,Jul,2013,FY13-14,07/01/2013,128,"8,924"
5,Jul,2013,FY13-14,07/01/2013,136,"12,722"
6,Jul,2013,FY13-14,07/01/2013,156,"1,110"
7,Jul,2013,FY13-14,07/01/2013,184,"9,176"
8,Jul,2013,FY13-14,07/01/2013,30,"40,572"
9,Jul,2013,FY13-14,07/01/2013,40,"50,426"
10,Jul,2013,FY13-14,07/01/2013,45,"41,601"
11,Jul,2013,FY13-14,07/01/2013,531,"1,250"
12,Jul,2013,FY13-14,07/01/2013,533,"5,572"
13,Jul,2013,FY13-14,07/01/2013,541,"1,211"
14,Jul,2013,FY13-14,07/01/2013,61,"61,539"
15,Jul,2013,FY13-14,07/01/2013,77,"4,194"
16,Jul,2013,FY13-14,07/01/2013,96,"43,551"
17,Jul,2013,FY13-14,07/01/2013,AZ Ave Link,"20,314"
18,Jul,2013,FY13-14,07/01/2013,Main St Link,"29,688"
19,Aug,2013,FY13-14,08/01/2013,104,"22,326"
20,Aug,2013,FY13-14,08/01/2013,108,"2,615"
21,Aug,2013,FY13-14,08/01/2013,112,"29,217"
22,Aug,2013,FY13-14,08/01/2013,120,"9,309"
23,Aug,2013,FY13-14,08/01/2013,128,"8,816"
24,Aug,2013,FY13-14,08/01/2013,136,"12,692"
25,Aug,2013,FY13-14,08/01/2013,156,"1,677"
26,Aug,2013,FY13-14,08/01/2013,184,"9,787"
27,Aug,2013,FY13-14,08/01/2013,30,"37,284"
28,Aug,2013,FY13-14,08/01/2013,40,"41,233"
29,Aug,2013,FY13-14,08/01/2013,45,"39,990"
30,Aug,2013,FY13-14,08/01/2013,531,"1,120"
31,Aug,2013,FY13-14,08/01/2013,533,"4,919"
32,Aug,2013,FY13-14,08/01/2013,535,"3,279"
33,Aug,2013,FY13-14,08/01/2013,541,"1,051"
34,Aug,2013,FY13-14,08/01/2013,61,"56,151"
35,Aug,2013,FY13-14,08/01/2013,77,"4,134"
36,Aug,2013,FY13-14,08/01/2013,96,"39,209"
37,Aug,2013,FY13-14,08/01/2013,AZ Ave Link,"19,490"
38,Aug,2013,FY13-14,08/01/2013,Buzz,"9,112"
39,Aug,2013,FY13-14,08/01/2013,Main St Link,"25,455"
40,Sep,2013,FY13-14,09/01/2013,104,"23,642"
41,Sep,2013,FY13-14,09/01/2013,108,"2,959"
42,Sep,2013,FY13-14,09/01/2013,112,"34,791"
43,Sep,2013,FY13-14,09/01/2013,120,"10,122"
44,Sep,2013,FY13-14,09/01/2013,128,"9,559"
45,Sep,2013,FY13-14,09/01/2013,136,"13,502"
46,Sep,2013,FY13-14,09/01/2013,156,"2,485"
47,Sep,2013,FY13-14,09/01/2013,184,"11,290"
48,Sep,2013,FY13-14,09/01/2013,30,"37,123"
49,Sep,2013,FY13-14,09/01/2013,40,"45,557"
50,Sep,2013,FY13-14,09/01/2013,45,"43,362"
51,Sep,2013,FY13-14,09/01/2013,531,"1,068"
52,Sep,2013,FY13-14,09/01/2013,533,"5,359"
53,Sep,2013,FY13-14,09/01/2013,535,"3,314"
54,Sep,2013,FY13-14,09/01/2013,541,"1,358"
55,Sep,2013,FY13-14,09/01/2013,61,"61,820"
56,Sep,2013,FY13-14,09/01/2013,77,"4,433"
57,Sep,2013,FY13-14,09/01/2013,96,"47,032"
58,Sep,2013,FY13-14,09/01/2013,AZ Ave Link,"21,912"
59,Sep,2013,FY13-14,09/01/2013,Buzz,"10,416"
60,Sep,2013,FY13-14,09/01/2013,Main St Link,"27,194"
61,Oct,2013,FY13-14,10/01/2013,104,"25,220"
62,Oct,2013,FY13-14,10/01/2013,108,"3,496"
63,Oct,2013,FY13-14,10/01/2013,112,"36,505"
64,Oct,2013,FY13-14,10/01/2013,120,"10,641"
65,Oct,2013,FY13-14,10/01/2013,128,"10,690"
66,Oct,2013,FY13-14,10/01/2013,136,"15,336"
67,Oct,2013,FY13-14,10/01/2013,156,"2,202"
68,Oct,2013,FY13-14,10/01/2013,184,"13,094"
69,Oct,2013,FY13-14,10/01/2013,30,"42,949"
70,Oct,2013,FY13-14,10/01/2013,40,"48,173"
71,Oct,2013,FY13-14,10/01/2013,45,"48,678"
72,Oct,2013,FY13-14,10/01/2013,531,"1,177"
73,Oct,2013,FY13-14,10/01/2013,533,"6,111"
74,Oct,2013,FY13-14,10/01/2013,535,"3,700"
75,Oct,2013,FY13-14,10/01/2013,541,"1,465"
76,Oct,2013,FY13-14,10/01/2013,61,"69,789"
77,Oct,2013,FY13-14,10/01/2013,77,"6,577"
78,Oct,2013,FY13-14,10/01/2013,96,"16,407"
79,Oct,2013,FY13-14,10/01/2013,AZ Ave Link,"23,787"
80,Oct,2013,FY13-14,10/01/2013,Buzz,"12,038"
81,Oct,2013,FY13-14,10/01/2013,Main St Link,"31,439"
82,Nov,2013,FY13-14,11/01/2013,104,"21,171"
83,Nov,2013,FY13-14,11/01/2013,108,"3,601"
84,Nov,2013,FY13-14,11/01/2013,112,"32,017"
85,Nov,2013,FY13-14,11/01/2013,120,"9,412"
86,Nov,2013,FY13-14,11/01/2013,128,"8,033"
87,Nov,2013,FY13-14,11/01/2013,136,"12,365"
88,Nov,2013,FY13-14,11/01/2013,156,"2,147"
89,Nov,2013,FY13-14,11/01/2013,184,"10,633"
90,Nov,2013,FY13-14,11/01/2013,30,"49,543"
91,Nov,2013,FY13-14,11/01/2013,40,"32,515"
92,Nov,2013,FY13-14,11/01/2013,45,"39,683"
93,Nov,2013,FY13-14,11/01/2013,531,"1,031"
94,Nov,2013,FY13-14,11/01/2013,533,"4,690"
95,Nov,2013,FY13-14,11/01/2013,535,"2,716"
96,Nov,2013,FY13-14,11/01/2013,541,"1,184"
97,Nov,2013,FY13-14,11/01/2013,61,"66,228"
98,Nov,2013,FY13-14,11/01/2013,77,"4,438"
99,Nov,2013,FY13-14,11/01/2013,96,"46,183"
100,Nov,2013,FY13-14,11/01/2013,AZ Ave Link,"22,007"
101,Nov,2013,FY13-14,11/01/2013,Buzz,"7,243"
102,Nov,2013,FY13-14,11/01/2013,Main St Link,"24,472"
103,Dec,2013,FY13-14,12/01/2013,104,"19,672"
104,Dec,2013,FY13-14,12/01/2013,108,"3,808"
105,Dec,2013,FY13-14,12/01/2013,112,"33,945"
106,Dec,2013,FY13-14,12/01/2013,120,"9,431"
107,Dec,2013,FY13-14,12/01/2013,128,"10,436"
108,Dec,2013,FY13-14,12/01/2013,136,"11,972"
109,Dec,2013,FY13-14,12/01/2013,156,"2,110"
110,Dec,2013,FY13-14,12/01/2013,184,"9,649"
111,Dec,2013,FY13-14,12/01/2013,30,"38,125"
112,Dec,2013,FY13-14,12/01/2013,40,"48,819"
113,Dec,2013,FY13-14,12/01/2013,45,"40,600"
114,Dec,2013,FY13-14,12/01/2013,531,"1,107"
115,Dec,2013,FY13-14,12/01/2013,533,"4,246"
116,Dec,2013,FY13-14,12/01/2013,535,"2,612"
117,Dec,2013,FY13-14,12/01/2013,541,"1,121"
118,Dec,2013,FY13-14,12/01/2013,61,"61,808"
119,Dec,2013,FY13-14,12/01/2013,77,"4,052"
120,Dec,2013,FY13-14,12/01/2013,96,"42,999"
121,Dec,2013,FY13-14,12/01/2013,AZ Ave Link,"21,491"
122,Dec,2013,FY13-14,12/01/2013,Buzz,"8,610"
123,Dec,2013,FY13-14,12/01/2013,Main St Link,"26,066"
124,Jan,2014,FY13-14,01/01/2014,104,"24,263"
125,Jan,2014,FY13-14,01/01/2014,108,"3,606"
126,Jan,2014,FY13-14,01/01/2014,112,"35,796"
127,Jan,2014,FY13-14,01/01/2014,120,"11,693"
128,Jan,2014,FY13-14,01/01/2014,128,"8,965"
129,Jan,2014,FY13-14,01/01/2014,136,"13,651"
130,Jan,2014,FY13-14,01/01/2014,156,"2,496"
131,Jan,2014,FY13-14,01/01/2014,184,"12,692"
132,Jan,2014,FY13-14,01/01/2014,30,"43,425"
133,Jan,2014,FY13-14,01/01/2014,40,"49,727"
134,Jan,2014,FY13-14,01/01/2014,45,"46,303"
135,Jan,2014,FY13-14,01/01/2014,531,"1,372"
136,Jan,2014,FY13-14,01/01/2014,533,"5,292"
137,Jan,2014,FY13-14,01/01/2014,535,"2,908"
138,Jan,2014,FY13-14,01/01/2014,541,"1,257"
139,Jan,2014,FY13-14,01/01/2014,61,"70,656"
140,Jan,2014,FY13-14,01/01/2014,77,"5,807"
141,Jan,2014,FY13-14,01/01/2014,96,"49,419"
142,Jan,2014,FY13-14,01/01/2014,AZ Ave Link,"23,192"
143,Jan,2014,FY13-14,01/01/2014,Buzz,"7,999"
144,Jan,2014,FY13-14,01/01/2014,Main St Link,"29,297"
145,Feb,2014,FY13-14,02/01/2014,104,"18,505"
146,Feb,2014,FY13-14,02/01/2014,108,"4,534"
147,Feb,2014,FY13-14,02/01/2014,112,"35,198"
148,Feb,2014,FY13-14,02/01/2014,120,"12,231"
149,Feb,2014,FY13-14,02/01/2014,128,"7,975"
150,Feb,2014,FY13-14,02/01/2014,136,"13,715"
151,Feb,2014,FY13-14,02/01/2014,156,"2,522"
152,Feb,2014,FY13-14,02/01/2014,184,"11,627"
153,Feb,2014,FY13-14,02/01/2014,30,"41,121"
154,Feb,2014,FY13-14,02/01/2014,40,"46,963"
155,Feb,2014,FY13-14,02/01/2014,45,"36,795"
156,Feb,2014,FY13-14,02/01/2014,531,"1,050"
157,Feb,2014,FY13-14,02/01/2014,533,"4,981"
158,Feb,2014,FY13-14,02/01/2014,535,"2,777"
159,Feb,2014,FY13-14,02/01/2014,541,"1,089"
160,Feb,2014,FY13-14,02/01/2014,61,"75,328"
161,Feb,2014,FY13-14,02/01/2014,77,"4,097"
162,Feb,2014,FY13-14,02/01/2014,96,"49,893"
163,Feb,2014,FY13-14,02/01/2014,AZ Ave Link,"23,076"
164,Feb,2014,FY13-14,02/01/2014,Buzz,"8,265"
165,Feb,2014,FY13-14,02/01/2014,Main St Link,"29,225"
166,Mar,2014,FY13-14,03/01/2014,104,"19,719"
167,Mar,2014,FY13-14,03/01/2014,108,"4,273"
168,Mar,2014,FY13-14,03/01/2014,112,"37,309"
169,Mar,2014,FY13-14,03/01/2014,120,"11,949"
170,Mar,2014,FY13-14,03/01/2014,128,"9,511"
171,Mar,2014,FY13-14,03/01/2014,136,"13,872"
172,Mar,2014,FY13-14,03/01/2014,156,"2,732"
173,Mar,2014,FY13-14,03/01/2014,184,"12,231"
174,Mar,2014,FY13-14,03/01/2014,30,"43,752"
175,Mar,2014,FY13-14,03/01/2014,40,"50,021"
176,Mar,2014,FY13-14,03/01/2014,45,"39,859"
177,Mar,2014,FY13-14,03/01/2014,531,"1,128"
178,Mar,2014,FY13-14,03/01/2014,533,"5,065"
179,Mar,2014,FY13-14,03/01/2014,535,"2,929"
180,Mar,2014,FY13-14,03/01/2014,541,"1,318"
181,Mar,2014,FY13-14,03/01/2014,61,"78,551"
182,Mar,2014,FY13-14,03/01/2014,77,"4,387"
183,Mar,2014,FY13-14,03/01/2014,96,"51,183"
184,Mar,2014,FY13-14,03/01/2014,AZ Ave Link,"21,634"
185,Mar,2014,FY13-14,03/01/2014,Buzz,"8,512"
186,Mar,2014,FY13-14,03/01/2014,Main St Link,"30,786"
187,Apr,2014,FY13-14,04/01/2014,104,"18,881"
188,Apr,2014,FY13-14,04/01/2014,108,"3,969"
189,Apr,2014,FY13-14,04/01/2014,112,"39,647"
190,Apr,2014,FY13-14,04/01/2014,120,"11,899"
191,Apr,2014,FY13-14,04/01/2014,128,"9,784"
192,Apr,2014,FY13-14,04/01/2014,136,"15,214"
193,Apr,2014,FY13-14,04/01/2014,156,"2,696"
194,Apr,2014,FY13-14,04/01/2014,184,"12,397"
195,Apr,2014,FY13-14,04/01/2014,30,"44,727"
196,Apr,2014,FY13-14,04/01/2014,40,"49,087"
197,Apr,2014,FY13-14,04/01/2014,45,"37,743"
198,Apr,2014,FY13-14,04/01/2014,531,"1,160"
199,Apr,2014,FY13-14,04/01/2014,533,"5,130"
200,Apr,2014,FY13-14,04/01/2014,535,"3,220"
201,Apr,2014,FY13-14,04/01/2014,541,"1,200"
202,Apr,2014,FY13-14,04/01/2014,61,"77,810"
203,Apr,2014,FY13-14,04/01/2014,77,"4,340"
204,Apr,2014,FY13-14,04/01/2014,96,"48,459"
205,Apr,2014,FY13-14,04/01/2014,AZ Ave Link,"22,479"
206,Apr,2014,FY13-14,04/01/2014,Buzz,"8,640"
207,Apr,2014,FY13-14,04/01/2014,Main St Link,"30,628"
208,May,2014,FY13-14,05/01/2014,104,"19,392"
209,May,2014,FY13-14,05/01/2014,108,"3,765"
210,May,2014,FY13-14,05/01/2014,112,"37,325"
211,May,2014,FY13-14,05/01/2014,120,"11,560"
212,May,2014,FY13-14,05/01/2014,128,"8,437"
213,May,2014,FY13-14,05/01/2014,136,"14,530"
214,May,2014,FY13-14,05/01/2014,156,"2,399"
215,May,2014,FY13-14,05/01/2014,184,"11,785"
216,May,2014,FY13-14,05/01/2014,30,"42,580"
217,May,2014,FY13-14,05/01/2014,40,"51,887"
218,May,2014,FY13-14,05/01/2014,45,"38,461"
219,May,2014,FY13-14,05/01/2014,531,"1,033"
220,May,2014,FY13-14,05/01/2014,533,"5,030"
221,May,2014,FY13-14,05/01/2014,535,"3,185"
222,May,2014,FY13-14,05/01/2014,541,"1,065"
223,May,2014,FY13-14,05/01/2014,61,"71,013"
224,May,2014,FY13-14,05/01/2014,77,"3,741"
225,May,2014,FY13-14,05/01/2014,96,"42,933"
226,May,2014,FY13-14,05/01/2014,AZ Ave Link,"22,412"
227,May,2014,FY13-14,05/01/2014,Buzz,"8,295"
228,May,2014,FY13-14,05/01/2014,Main St Link,"27,714"
229,Jun,2014,FY13-14,06/01/2014,104,"17,606"
230,Jun,2014,FY13-14,06/01/2014,108,"3,886"
231,Jun,2014,FY13-14,06/01/2014,112,"36,586"
232,Jun,2014,FY13-14,06/01/2014,120,"10,836"
233,Jun,2014,FY13-14,06/01/2014,128,"7,469"
234,Jun,2014,FY13-14,06/01/2014,136,"12,293"
235,Jun,2014,FY13-14,06/01/2014,156,"1,859"
236,Jun,2014,FY13-14,06/01/2014,184,"9,953"
237,Jun,2014,FY13-14,06/01/2014,30,"38,311"
238,Jun,2014,FY13-14,06/01/2014,40,"48,724"
239,Jun,2014,FY13-14,06/01/2014,45,"37,836"
240,Jun,2014,FY13-14,06/01/2014,531,"1,128"
241,Jun,2014,FY13-14,06/01/2014,533,"5,637"
242,Jun,2014,FY13-14,06/01/2014,535,"3,026"
243,Jun,2014,FY13-14,06/01/2014,541,935
244,Jun,2014,FY13-14,06/01/2014,61,"61,089"
245,Jun,2014,FY13-14,06/01/2014,77,"4,058"
246,Jun,2014,FY13-14,06/01/2014,96,"40,127"
247,Jun,2014,FY13-14,06/01/2014,AZ Ave Link,"20,757"
248,Jun,2014,FY13-14,06/01/2014,Buzz,"6,557"
249,Jun,2014,FY13-14,06/01/2014,Main St Link,"26,479"
250,Jul,2014,FY14-15,07/01/2014,104,"17,948"
251,Jul,2014,FY14-15,07/01/2014,108,"3,999"
252,Jul,2014,FY14-15,07/01/2014,112,"34,906"
253,Jul,2014,FY14-15,07/01/2014,120,"10,838"
254,Jul,2014,FY14-15,07/01/2014,128,"8,304"
255,Jul,2014,FY14-15,07/01/2014,136,"12,635"
256,Jul,2014,FY14-15,07/01/2014,156,"1,559"
257,Jul,2014,FY14-15,07/01/2014,184,"9,305"
258,Jul,2014,FY14-15,07/01/2014,30,"35,462"
259,Jul,2014,FY14-15,07/01/2014,40,"48,131"
260,Jul,2014,FY14-15,07/01/2014,45,"31,048"
261,Jul,2014,FY14-15,07/01/2014,531,794
262,Jul,2014,FY14-15,07/01/2014,533,"5,823"
263,Jul,2014,FY14-15,07/01/2014,535,"3,022"
264,Jul,2014,FY14-15,07/01/2014,541,682
265,Jul,2014,FY14-15,07/01/2014,61,"52,825"
266,Jul,2014,FY14-15,07/01/2014,77,"3,428"
267,Jul,2014,FY14-15,07/01/2014,96,"33,693"
268,Jul,2014,FY14-15,07/01/2014,AZ Ave Link,"21,775"
269,Jul,2014,FY14-15,07/01/2014,Buzz,"6,527"
270,Jul,2014,FY14-15,07/01/2014,Main St Link,"29,628"
271,Aug,2014,FY14-15,08/01/2014,104,"21,877"
272,Aug,2014,FY14-15,08/01/2014,108,"4,276"
273,Aug,2014,FY14-15,08/01/2014,112,"37,622"
274,Aug,2014,FY14-15,08/01/2014,120,"11,420"
275,Aug,2014,FY14-15,08/01/2014,128,"9,114"
276,Aug,2014,FY14-15,08/01/2014,136,"14,713"
277,Aug,2014,FY14-15,08/01/2014,156,"2,078"
278,Aug,2014,FY14-15,08/01/2014,184,"11,607"
279,Aug,2014,FY14-15,08/01/2014,30,"44,181"
280,Aug,2014,FY14-15,08/01/2014,40,"51,824"
281,Aug,2014,FY14-15,08/01/2014,45,"42,945"
282,Aug,2014,FY14-15,08/01/2014,531,"1,053"
283,Aug,2014,FY14-15,08/01/2014,533,"5,588"
284,Aug,2014,FY14-15,08/01/2014,535,"3,086"
285,Aug,2014,FY14-15,08/01/2014,541,806
286,Aug,2014,FY14-15,08/01/2014,61,"71,146"
287,Aug,2014,FY14-15,08/01/2014,77,"3,873"
288,Aug,2014,FY14-15,08/01/2014,96,"45,158"
289,Aug,2014,FY14-15,08/01/2014,AZ Ave Link,"22,942"
290,Aug,2014,FY14-15,08/01/2014,Buzz,"10,494"
291,Aug,2014,FY14-15,08/01/2014,Main St Link,"29,109"
292,Sep,2014,FY14-15,09/01/2014,104,"21,951"
293,Sep,2014,FY14-15,09/01/2014,108,"4,738"
294,Sep,2014,FY14-15,09/01/2014,112,"36,744"
295,Sep,2014,FY14-15,09/01/2014,120,"10,689"
296,Sep,2014,FY14-15,09/01/2014,128,"8,759"
297,Sep,2014,FY14-15,09/01/2014,136,"15,637"
298,Sep,2014,FY14-15,09/01/2014,156,"2,297"
299,Sep,2014,FY14-15,09/01/2014,184,"12,171"
300,Sep,2014,FY14-15,09/01/2014,30,"45,570"
301,Sep,2014,FY14-15,09/01/2014,40,"48,130"
302,Sep,2014,FY14-15,09/01/2014,45,"42,270"
303,Sep,2014,FY14-15,09/01/2014,531,963
304,Sep,2014,FY14-15,09/01/2014,533,"6,108"
305,Sep,2014,FY14-15,09/01/2014,535,"3,269"
306,Sep,2014,FY14-15,09/01/2014,541,785
307,Sep,2014,FY14-15,09/01/2014,61,"74,156"
308,Sep,2014,FY14-15,09/01/2014,77,"4,324"
309,Sep,2014,FY14-15,09/01/2014,96,"49,875"
310,Sep,2014,FY14-15,09/01/2014,AZ Ave Link,"21,542"
311,Sep,2014,FY14-15,09/01/2014,Buzz,"9,790"
312,Sep,2014,FY14-15,09/01/2014,Main St Link,"28,594"
313,Oct,2014,FY14-15,10/01/2014,104,"26,230"
314,Oct,2014,FY14-15,10/01/2014,108,"5,168"
315,Oct,2014,FY14-15,10/01/2014,112,"39,186"
316,Oct,2014,FY14-15,10/01/2014,120,"12,016"
317,Oct,2014,FY14-15,10/01/2014,128,"11,333"
318,Oct,2014,FY14-15,10/01/2014,136,"16,263"
319,Oct,2014,FY14-15,10/01/2014,156,"2,926"
320,Oct,2014,FY14-15,10/01/2014,184,"14,240"
321,Oct,2014,FY14-15,10/01/2014,30,"49,918"
322,Oct,2014,FY14-15,10/01/2014,40,"49,028"
323,Oct,2014,FY14-15,10/01/2014,45,"44,713"
324,Oct,2014,FY14-15,10/01/2014,531,"1,236"
325,Oct,2014,FY14-15,10/01/2014,533,"5,448"
326,Oct,2014,FY14-15,10/01/2014,535,"3,535"
327,Oct,2014,FY14-15,10/01/2014,541,987
328,Oct,2014,FY14-15,10/01/2014,61,"84,189"
329,Oct,2014,FY14-15,10/01/2014,77,"3,813"
330,Oct,2014,FY14-15,10/01/2014,96,"54,001"
331,Oct,2014,FY14-15,10/01/2014,AZ Ave Link,"22,795"
332,Oct,2014,FY14-15,10/01/2014,Buzz,"10,928"
333,Oct,2014,FY14-15,10/01/2014,Main St Link,"32,846"
334,Nov,2014,FY14-15,11/01/2014,104,"20,659"
335,Nov,2014,FY14-15,11/01/2014,108,"4,283"
336,Nov,2014,FY14-15,11/01/2014,112,"30,492"
337,Nov,2014,FY14-15,11/01/2014,120,"8,066"
338,Nov,2014,FY14-15,11/01/2014,128,"8,359"
339,Nov,2014,FY14-15,11/01/2014,136,"13,161"
340,Nov,2014,FY14-15,11/01/2014,156,"2,085"
341,Nov,2014,FY14-15,11/01/2014,184,"12,107"
342,Nov,2014,FY14-15,11/01/2014,30,"38,567"
343,Nov,2014,FY14-15,11/01/2014,40,"51,881"
344,Nov,2014,FY14-15,11/01/2014,45,"39,177"
345,Nov,2014,FY14-15,11/01/2014,531,"1,182"
346,Nov,2014,FY14-15,11/01/2014,533,"3,688"
347,Nov,2014,FY14-15,11/01/2014,535,"2,573"
348,Nov,2014,FY14-15,11/01/2014,541,831
349,Nov,2014,FY14-15,11/01/2014,61,"73,379"
350,Nov,2014,FY14-15,11/01/2014,77,"2,575"
351,Nov,2014,FY14-15,11/01/2014,96,"44,765"
352,Nov,2014,FY14-15,11/01/2014,AZ Ave Link,"21,251"
353,Nov,2014,FY14-15,11/01/2014,Buzz,"8,195"
354,Nov,2014,FY14-15,11/01/2014,Main St Link,"26,577"
355,Dec,2014,FY14-15,12/01/2014,104,"22,440"
356,Dec,2014,FY14-15,12/01/2014,108,"3,082"
357,Dec,2014,FY14-15,12/01/2014,112,"32,491"
358,Dec,2014,FY14-15,12/01/2014,120,"9,573"
359,Dec,2014,FY14-15,12/01/2014,128,"9,222"
360,Dec,2014,FY14-15,12/01/2014,136,"13,876"
361,Dec,2014,FY14-15,12/01/2014,156,"1,778"
362,Dec,2014,FY14-15,12/01/2014,184,"12,970"
363,Dec,2014,FY14-15,12/01/2014,30,"40,977"
364,Dec,2014,FY14-15,12/01/2014,40,"49,281"
365,Dec,2014,FY14-15,12/01/2014,45,"40,177"
366,Dec,2014,FY14-15,12/01/2014,531,"1,188"
367,Dec,2014,FY14-15,12/01/2014,533,"3,935"
368,Dec,2014,FY14-15,12/01/2014,535,"3,324"
369,Dec,2014,FY14-15,12/01/2014,541,"1,008"
370,Dec,2014,FY14-15,12/01/2014,61,"74,637"
371,Dec,2014,FY14-15,12/01/2014,77,"3,229"
372,Dec,2014,FY14-15,12/01/2014,96,"44,431"
373,Dec,2014,FY14-15,12/01/2014,AZ Ave Link,"21,394"
374,Dec,2014,FY14-15,12/01/2014,Buzz,"8,510"
375,Dec,2014,FY14-15,12/01/2014,Main St Link,"30,507"
376,Jan,2015,FY14-15,01/01/2015,104,"22,193"
377,Jan,2015,FY14-15,01/01/2015,108,"4,114"
378,Jan,2015,FY14-15,01/01/2015,112,"33,312"
379,Jan,2015,FY14-15,01/01/2015,120,"8,788"
380,Jan,2015,FY14-15,01/01/2015,128,"8,859"
381,Jan,2015,FY14-15,01/01/2015,136,"14,120"
382,Jan,2015,FY14-15,01/01/2015,156,"2,386"
383,Jan,2015,FY14-15,01/01/2015,184,"13,184"
384,Jan,2015,FY14-15,01/01/2015,30,"39,732"
385,Jan,2015,FY14-15,01/01/2015,40,"49,972"
386,Jan,2015,FY14-15,01/01/2015,45,"41,416"
387,Jan,2015,FY14-15,01/01/2015,531,"1,208"
388,Jan,2015,FY14-15,01/01/2015,533,"5,017"
389,Jan,2015,FY14-15,01/01/2015,535,"3,514"
390,Jan,2015,FY14-15,01/01/2015,541,"1,151"
391,Jan,2015,FY14-15,01/01/2015,61,"74,799"
392,Jan,2015,FY14-15,01/01/2015,77,"3,288"
393,Jan,2015,FY14-15,01/01/2015,96,"45,880"
394,Jan,2015,FY14-15,01/01/2015,AZ Ave Link,"24,603"
395,Jan,2015,FY14-15,01/01/2015,Buzz,"8,145"
396,Jan,2015,FY14-15,01/01/2015,Main St Link,"28,107"
397,Feb,2015,FY14-15,02/01/2015,104,"22,548"
398,Feb,2015,FY14-15,02/01/2015,108,"4,592"
399,Feb,2015,FY14-15,02/01/2015,112,"28,937"
400,Feb,2015,FY14-15,02/01/2015,120,"9,349"
401,Feb,2015,FY14-15,02/01/2015,128,"8,952"
402,Feb,2015,FY14-15,02/01/2015,136,"13,884"
403,Feb,2015,FY14-15,02/01/2015,156,"2,125"
404,Feb,2015,FY14-15,02/01/2015,184,"13,534"
405,Feb,2015,FY14-15,02/01/2015,30,"40,020"
406,Feb,2015,FY14-15,02/01/2015,40,"43,647"
407,Feb,2015,FY14-15,02/01/2015,45,"38,831"
408,Feb,2015,FY14-15,02/01/2015,531,"1,159"
409,Feb,2015,FY14-15,02/01/2015,533,"4,542"
410,Feb,2015,FY14-15,02/01/2015,535,"2,903"
411,Feb,2015,FY14-15,02/01/2015,541,"1,079"
412,Feb,2015,FY14-15,02/01/2015,61,"74,125"
413,Feb,2015,FY14-15,02/01/2015,77,"3,220"
414,Feb,2015,FY14-15,02/01/2015,96,"46,289"
415,Feb,2015,FY14-15,02/01/2015,AZ Ave Link,"23,637"
416,Feb,2015,FY14-15,02/01/2015,Buzz,"8,065"
417,Feb,2015,FY14-15,02/01/2015,Main St Link,"26,749"
418,Mar,2015,FY14-15,03/01/2015,104,"22,700"
419,Mar,2015,FY14-15,03/01/2015,108,"3,322"
420,Mar,2015,FY14-15,03/01/2015,112,"32,879"
421,Mar,2015,FY14-15,03/01/2015,120,"9,031"
422,Mar,2015,FY14-15,03/01/2015,128,"9,266"
423,Mar,2015,FY14-15,03/01/2015,136,"13,497"
424,Mar,2015,FY14-15,03/01/2015,156,"2,112"
425,Mar,2015,FY14-15,03/01/2015,184,"13,533"
426,Mar,2015,FY14-15,03/01/2015,30,"39,943"
427,Mar,2015,FY14-15,03/01/2015,40,"46,406"
428,Mar,2015,FY14-15,03/01/2015,45,"43,402"
429,Mar,2015,FY14-15,03/01/2015,531,"1,301"
430,Mar,2015,FY14-15,03/01/2015,533,"4,549"
431,Mar,2015,FY14-15,03/01/2015,535,"3,453"
432,Mar,2015,FY14-15,03/01/2015,541,"1,343"
433,Mar,2015,FY14-15,03/01/2015,61,"78,668"
434,Mar,2015,FY14-15,03/01/2015,77,"3,129"
435,Mar,2015,FY14-15,03/01/2015,96,"48,046"
436,Mar,2015,FY14-15,03/01/2015,AZ Ave Link,"21,885"
437,Mar,2015,FY14-15,03/01/2015,Buzz,"7,942"
438,Mar,2015,FY14-15,03/01/2015,Main St Link,"31,068"
439,Apr,2015,FY14-15,04/01/2015,104,"22,373"
440,Apr,2015,FY14-15,04/01/2015,108,"4,094"
441,Apr,2015,FY14-15,04/01/2015,112,"34,132"
442,Apr,2015,FY14-15,04/01/2015,120,"9,084"
443,Apr,2015,FY14-15,04/01/2015,128,"9,107"
444,Apr,2015,FY14-15,04/01/2015,136,"12,883"
445,Apr,2015,FY14-15,04/01/2015,156,"1,890"
446,Apr,2015,FY14-15,04/01/2015,184,"13,128"
447,Apr,2015,FY14-15,04/01/2015,30,"40,196"
448,Apr,2015,FY14-15,04/01/2015,40,"45,611"
449,Apr,2015,FY14-15,04/01/2015,45,"40,836"
450,Apr,2015,FY14-15,04/01/2015,531,"1,183"
451,Apr,2015,FY14-15,04/01/2015,533,"4,120"
452,Apr,2015,FY14-15,04/01/2015,535,"3,575"
453,Apr,2015,FY14-15,04/01/2015,541,"1,179"
454,Apr,2015,FY14-15,04/01/2015,61,"77,481"
455,Apr,2015,FY14-15,04/01/2015,77,"3,082"
456,Apr,2015,FY14-15,04/01/2015,96,"45,082"
457,Apr,2015,FY14-15,04/01/2015,AZ Ave Link,"23,724"
458,Apr,2015,FY14-15,04/01/2015,Buzz,"7,782"
459,Apr,2015,FY14-15,04/01/2015,Main St Link,"30,954"
460,May,2015,FY14-15,05/01/2015,104,"21,207"
461,May,2015,FY14-15,05/01/2015,108,"2,935"
462,May,2015,FY14-15,05/01/2015,112,"32,397"
463,May,2015,FY14-15,05/01/2015,120,"7,531"
464,May,2015,FY14-15,05/01/2015,128,"7,756"
465,May,2015,FY14-15,05/01/2015,136,"10,942"
466,May,2015,FY14-15,05/01/2015,156,"2,052"
467,May,2015,FY14-15,05/01/2015,184,"12,174"
468,May,2015,FY14-15,05/01/2015,30,"37,508"
469,May,2015,FY14-15,05/01/2015,40,"46,976"
470,May,2015,FY14-15,05/01/2015,45,"37,954"
471,May,2015,FY14-15,05/01/2015,531,"1,108"
472,May,2015,FY14-15,05/01/2015,533,"4,103"
473,May,2015,FY14-15,05/01/2015,535,"2,794"
474,May,2015,FY14-15,05/01/2015,541,969
475,May,2015,FY14-15,05/01/2015,61,"66,192"
476,May,2015,FY14-15,05/01/2015,77,"3,175"
477,May,2015,FY14-15,05/01/2015,96,"41,554"
478,May,2015,FY14-15,05/01/2015,AZ Ave Link,"19,747"
479,May,2015,FY14-15,05/01/2015,Buzz,"6,654"
480,May,2015,FY14-15,05/01/2015,Main St Link,"28,658"
481,Jun,2015,FY14-15,06/01/2015,104,"18,386"
482,Jun,2015,FY14-15,06/01/2015,108,"3,430"
483,Jun,2015,FY14-15,06/01/2015,112,"30,573"
484,Jun,2015,FY14-15,06/01/2015,120,"7,541"
485,Jun,2015,FY14-15,06/01/2015,128,"7,778"
486,Jun,2015,FY14-15,06/01/2015,136,"11,063"
487,Jun,2015,FY14-15,06/01/2015,156,"1,181"
488,Jun,2015,FY14-15,06/01/2015,184,"10,407"
489,Jun,2015,FY14-15,06/01/2015,30,"36,877"
490,Jun,2015,FY14-15,06/01/2015,40,"43,750"
491,Jun,2015,FY14-15,06/01/2015,45,"36,257"
492,Jun,2015,FY14-15,06/01/2015,531,910
493,Jun,2015,FY14-15,06/01/2015,533,"4,771"
494,Jun,2015,FY14-15,06/01/2015,535,"3,027"
495,Jun,2015,FY14-15,06/01/2015,541,"1,030"
496,Jun,2015,FY14-15,06/01/2015,61,"57,503"
497,Jun,2015,FY14-15,06/01/2015,77,"2,653"
498,Jun,2015,FY14-15,06/01/2015,96,"38,004"
499,Jun,2015,FY14-15,06/01/2015,AZ Ave Link,"18,290"
500,Jun,2015,FY14-15,06/01/2015,Buzz,"5,212"
501,Jun,2015,FY14-15,06/01/2015,Main St Link,"29,214"
502,Jul,2015,FY15-16,07/01/2015,104,"19,189"
503,Jul,2015,FY15-16,07/01/2015,108,"3,809"
504,Jul,2015,FY15-16,07/01/2015,112,"29,120"
505,Jul,2015,FY15-16,07/01/2015,120,"6,864"
506,Jul,2015,FY15-16,07/01/2015,128,"7,678"
507,Jul,2015,FY15-16,07/01/2015,136,"10,516"
508,Jul,2015,FY15-16,07/01/2015,156,"1,587"
509,Jul,2015,FY15-16,07/01/2015,184,"11,126"
510,Jul,2015,FY15-16,07/01/2015,30,"35,020"
511,Jul,2015,FY15-16,07/01/2015,40,"46,369"
512,Jul,2015,FY15-16,07/01/2015,45,"37,037"
513,Jul,2015,FY15-16,07/01/2015,531,"1,031"
514,Jul,2015,FY15-16,07/01/2015,533,"4,980"
515,Jul,2015,FY15-16,07/01/2015,535,"3,289"
516,Jul,2015,FY15-16,07/01/2015,541,"1,176"
517,Jul,2015,FY15-16,07/01/2015,61,"55,294"
518,Jul,2015,FY15-16,07/01/2015,77,"2,510"
519,Jul,2015,FY15-16,07/01/2015,96,"38,036"
520,Jul,2015,FY15-16,07/01/2015,AZ Ave Link,"18,532"
521,Jul,2015,FY15-16,07/01/2015,Buzz,"6,578"
522,Jul,2015,FY15-16,07/01/2015,Main St Link,"29,715"
523,Aug,2015,FY15-16,08/01/2015,104,"20,243"
524,Aug,2015,FY15-16,08/01/2015,108,"3,525"
525,Aug,2015,FY15-16,08/01/2015,112,"32,974"
526,Aug,2015,FY15-16,08/01/2015,120,"7,935"
527,Aug,2015,FY15-16,08/01/2015,128,"8,060"
528,Aug,2015,FY15-16,08/01/2015,136,"12,111"
529,Aug,2015,FY15-16,08/01/2015,156,"1,792"
530,Aug,2015,FY15-16,08/01/2015,184,"12,864"
531,Aug,2015,FY15-16,08/01/2015,30,"37,363"
532,Aug,2015,FY15-16,08/01/2015,40,"47,471"
533,Aug,2015,FY15-16,08/01/2015,45,"38,865"
534,Aug,2015,FY15-16,08/01/2015,531,"1,049"
535,Aug,2015,FY15-16,08/01/2015,533,"4,162"
536,Aug,2015,FY15-16,08/01/2015,535,"3,647"
537,Aug,2015,FY15-16,08/01/2015,541,"1,171"
538,Aug,2015,FY15-16,08/01/2015,61,"62,513"
539,Aug,2015,FY15-16,08/01/2015,77,"2,977"
540,Aug,2015,FY15-16,08/01/2015,96,"41,117"
541,Aug,2015,FY15-16,08/01/2015,AZ Ave Link,"16,023"
542,Aug,2015,FY15-16,08/01/2015,Buzz,"9,049"
543,Aug,2015,FY15-16,08/01/2015,Main St Link,"25,982"
544,Sep,2015,FY15-16,09/01/2015,104,"23,723"
545,Sep,2015,FY15-16,09/01/2015,108,"3,359"
546,Sep,2015,FY15-16,09/01/2015,112,"36,801"
547,Sep,2015,FY15-16,09/01/2015,120,"9,417"
548,Sep,2015,FY15-16,09/01/2015,128,"8,659"
549,Sep,2015,FY15-16,09/01/2015,136,"13,658"
550,Sep,2015,FY15-16,09/01/2015,156,"1,554"
551,Sep,2015,FY15-16,09/01/2015,184,"12,882"
552,Sep,2015,FY15-16,09/01/2015,30,"35,643"
553,Sep,2015,FY15-16,09/01/2015,40,"41,547"
554,Sep,2015,FY15-16,09/01/2015,45,"32,980"
555,Sep,2015,FY15-16,09/01/2015,531,"1,063"
556,Sep,2015,FY15-16,09/01/2015,533,"4,644"
557,Sep,2015,FY15-16,09/01/2015,535,"3,602"
558,Sep,2015,FY15-16,09/01/2015,541,"1,139"
559,Sep,2015,FY15-16,09/01/2015,61,"70,458"
560,Sep,2015,FY15-16,09/01/2015,77,"2,674"
561,Sep,2015,FY15-16,09/01/2015,96,"47,948"
562,Sep,2015,FY15-16,09/01/2015,AZ Ave Link,"10,488"
563,Sep,2015,FY15-16,09/01/2015,Buzz,"9,872"
564,Sep,2015,FY15-16,09/01/2015,Main St Link,"18,461"
565,Oct,2015,FY15-16,10/01/2015,104,"22,120"
566,Oct,2015,FY15-16,10/01/2015,108,"2,691"
567,Oct,2015,FY15-16,10/01/2015,112,"39,989"
568,Oct,2015,FY15-16,10/01/2015,120,"9,389"
569,Oct,2015,FY15-16,10/01/2015,128,"9,214"
570,Oct,2015,FY15-16,10/01/2015,136,"13,138"
571,Oct,2015,FY15-16,10/01/2015,156,"1,763"
572,Oct,2015,FY15-16,10/01/2015,184,"13,700"
573,Oct,2015,FY15-16,10/01/2015,30,"36,883"
574,Oct,2015,FY15-16,10/01/2015,40,"42,653"
575,Oct,2015,FY15-16,10/01/2015,45,"37,054"
576,Oct,2015,FY15-16,10/01/2015,531,"1,171"
577,Oct,2015,FY15-16,10/01/2015,533,"4,336"
578,Oct,2015,FY15-16,10/01/2015,535,"3,320"
579,Oct,2015,FY15-16,10/01/2015,541,"1,061"
580,Oct,2015,FY15-16,10/01/2015,61,"70,719"
581,Oct,2015,FY15-16,10/01/2015,77,"2,722"
582,Oct,2015,FY15-16,10/01/2015,96,"48,731"
583,Oct,2015,FY15-16,10/01/2015,AZ Ave Link,"10,524"
584,Oct,2015,FY15-16,10/01/2015,Buzz,"10,116"
585,Oct,2015,FY15-16,10/01/2015,Main St Link,"19,341"
586,Nov,2015,FY15-16,11/01/2015,104,"15,530"
587,Nov,2015,FY15-16,11/01/2015,108,"2,126"
588,Nov,2015,FY15-16,11/01/2015,112,"38,434"
589,Nov,2015,FY15-16,11/01/2015,120,"8,348"
590,Nov,2015,FY15-16,11/01/2015,128,"7,699"
591,Nov,2015,FY15-16,11/01/2015,136,"10,215"
592,Nov,2015,FY15-16,11/01/2015,156,"1,235"
593,Nov,2015,FY15-16,11/01/2015,184,"11,992"
594,Nov,2015,FY15-16,11/01/2015,30,"30,540"
595,Nov,2015,FY15-16,11/01/2015,40,"39,029"
596,Nov,2015,FY15-16,11/01/2015,45,"29,540"
597,Nov,2015,FY15-16,11/01/2015,531,936
598,Nov,2015,FY15-16,11/01/2015,533,"3,287"
599,Nov,2015,FY15-16,11/01/2015,535,"2,745"
600,Nov,2015,FY15-16,11/01/2015,541,"1,002"
601,Nov,2015,FY15-16,11/01/2015,61,"65,092"
602,Nov,2015,FY15-16,11/01/2015,77,"3,100"
603,Nov,2015,FY15-16,11/01/2015,96,"41,137"
604,Nov,2015,FY15-16,11/01/2015,AZ Ave Link,"10,092"
605,Nov,2015,FY15-16,11/01/2015,Buzz,"7,758"
606,Nov,2015,FY15-16,11/01/2015,Main St Link,"14,322"
607,Dec,2015,FY15-16,12/01/2015,104,"17,043"
608,Dec,2015,FY15-16,12/01/2015,108,"2,533"
609,Dec,2015,FY15-16,12/01/2015,112,"41,375"
610,Dec,2015,FY15-16,12/01/2015,120,"9,055"
611,Dec,2015,FY15-16,12/01/2015,128,"8,423"
612,Dec,2015,FY15-16,12/01/2015,136,"11,428"
613,Dec,2015,FY15-16,12/01/2015,156,976
614,Dec,2015,FY15-16,12/01/2015,184,"12,169"
615,Dec,2015,FY15-16,12/01/2015,30,"32,380"
616,Dec,2015,FY15-16,12/01/2015,40,"40,568"
617,Dec,2015,FY15-16,12/01/2015,45,"31,534"
618,Dec,2015,FY15-16,12/01/2015,531,"1,021"
619,Dec,2015,FY15-16,12/01/2015,533,"3,538"
620,Dec,2015,FY15-16,12/01/2015,535,"2,892"
621,Dec,2015,FY15-16,12/01/2015,541,"1,028"
622,Dec,2015,FY15-16,12/01/2015,61,"62,527"
623,Dec,2015,FY15-16,12/01/2015,77,"3,268"
624,Dec,2015,FY15-16,12/01/2015,96,"40,000"
625,Dec,2015,FY15-16,12/01/2015,AZ Ave Link,"9,611"
626,Dec,2015,FY15-16,12/01/2015,Buzz,"10,116"
627,Dec,2015,FY15-16,12/01/2015,Main St Link,"16,062"
628,Jan,2016,FY15-16,01/01/2016,104,"15,186"
629,Jan,2016,FY15-16,01/01/2016,108,"2,669"
630,Jan,2016,FY15-16,01/01/2016,112,"39,662"
631,Jan,2016,FY15-16,01/01/2016,120,"8,250"
632,Jan,2016,FY15-16,01/01/2016,128,"7,633"
633,Jan,2016,FY15-16,01/01/2016,136,"10,450"
634,Jan,2016,FY15-16,01/01/2016,156,"1,310"
635,Jan,2016,FY15-16,01/01/2016,184,"10,636"
636,Jan,2016,FY15-16,01/01/2016,30,"29,595"
637,Jan,2016,FY15-16,01/01/2016,40,"39,264"
638,Jan,2016,FY15-16,01/01/2016,45,"30,945"
639,Jan,2016,FY15-16,01/01/2016,531,"1,120"
640,Jan,2016,FY15-16,01/01/2016,533,"3,489"
641,Jan,2016,FY15-16,01/01/2016,535,"2,971"
642,Jan,2016,FY15-16,01/01/2016,541,"1,106"
643,Jan,2016,FY15-16,01/01/2016,61,"64,132"
644,Jan,2016,FY15-16,01/01/2016,77,"2,361"
645,Jan,2016,FY15-16,01/01/2016,96,"39,468"
646,Jan,2016,FY15-16,01/01/2016,AZ Ave Link,"9,565"
647,Jan,2016,FY15-16,01/01/2016,Buzz,"8,878"
648,Jan,2016,FY15-16,01/01/2016,Main St Link,"14,682"
649,Feb,2016,FY15-16,02/01/2016,104,"16,469"
650,Feb,2016,FY15-16,02/01/2016,108,"2,559"
651,Feb,2016,FY15-16,02/01/2016,112,"38,555"
652,Feb,2016,FY15-16,02/01/2016,120,"8,794"
653,Feb,2016,FY15-16,02/01/2016,128,"8,334"
654,Feb,2016,FY15-16,02/01/2016,136,"12,558"
655,Feb,2016,FY15-16,02/01/2016,156,"1,080"
656,Feb,2016,FY15-16,02/01/2016,184,"11,870"
657,Feb,2016,FY15-16,02/01/2016,30,"30,339"
658,Feb,2016,FY15-16,02/01/2016,40,"40,342"
659,Feb,2016,FY15-16,02/01/2016,45,"32,547"
660,Feb,2016,FY15-16,02/01/2016,531,"1,106"
661,Feb,2016,FY15-16,02/01/2016,533,"3,917"
662,Feb,2016,FY15-16,02/01/2016,535,"2,995"
663,Feb,2016,FY15-16,02/01/2016,541,"1,149"
664,Feb,2016,FY15-16,02/01/2016,61,"66,706"
665,Feb,2016,FY15-16,02/01/2016,77,"3,312"
666,Feb,2016,FY15-16,02/01/2016,96,"41,320"
667,Feb,2016,FY15-16,02/01/2016,AZ Ave Link,"9,308"
668,Feb,2016,FY15-16,02/01/2016,Buzz,"9,514"
669,Feb,2016,FY15-16,02/01/2016,Main St Link,"16,121"
670,Mar,2016,FY15-16,03/01/2016,104,"18,137"
671,Mar,2016,FY15-16,03/01/2016,108,"2,675"
672,Mar,2016,FY15-16,03/01/2016,112,"39,964"
673,Mar,2016,FY15-16,03/01/2016,120,"9,655"
674,Mar,2016,FY15-16,03/01/2016,128,"8,677"
675,Mar,2016,FY15-16,03/01/2016,136,"12,673"
676,Mar,2016,FY15-16,03/01/2016,156,"1,068"
677,Mar,2016,FY15-16,03/01/2016,184,"12,364"
678,Mar,2016,FY15-16,03/01/2016,30,"33,783"
679,Mar,2016,FY15-16,03/01/2016,40,"37,688"
680,Mar,2016,FY15-16,03/01/2016,45,"35,078"
681,Mar,2016,FY15-16,03/01/2016,531,"1,328"
682,Mar,2016,FY15-16,03/01/2016,533,"4,198"
683,Mar,2016,FY15-16,03/01/2016,535,"3,401"
684,Mar,2016,FY15-16,03/01/2016,541,"1,221"
685,Mar,2016,FY15-16,03/01/2016,61,"65,654"
686,Mar,2016,FY15-16,03/01/2016,77,"2,356"
687,Mar,2016,FY15-16,03/01/2016,96,"40,084"
688,Mar,2016,FY15-16,03/01/2016,AZ Ave Link,"10,919"
689,Mar,2016,FY15-16,03/01/2016,Buzz,"10,725"
690,Mar,2016,FY15-16,03/01/2016,Main St Link,"17,842"
691,Apr,2016,FY15-16,04/01/2016,104,"17,140"
692,Apr,2016,FY15-16,04/01/2016,108,"3,238"
693,Apr,2016,FY15-16,04/01/2016,112,"38,134"
694,Apr,2016,FY15-16,04/01/2016,120,"9,302"
695,Apr,2016,FY15-16,04/01/2016,128,"8,011"
696,Apr,2016,FY15-16,04/01/2016,136,"12,042"
697,Apr,2016,FY15-16,04/01/2016,156,"1,523"
698,Apr,2016,FY15-16,04/01/2016,184,"11,268"
699,Apr,2016,FY15-16,04/01/2016,30,"32,020"
700,Apr,2016,FY15-16,04/01/2016,40,"36,966"
701,Apr,2016,FY15-16,04/01/2016,45,"33,340"
702,Apr,2016,FY15-16,04/01/2016,531,"1,366"
703,Apr,2016,FY15-16,04/01/2016,533,"3,621"
704,Apr,2016,FY15-16,04/01/2016,535,"3,045"
705,Apr,2016,FY15-16,04/01/2016,541,"1,109"
706,Apr,2016,FY15-16,04/01/2016,61,"61,972"
707,Apr,2016,FY15-16,04/01/2016,77,"2,864"
708,Apr,2016,FY15-16,04/01/2016,96,"38,496"
709,Apr,2016,FY15-16,04/01/2016,AZ Ave Link,"8,994"
710,Apr,2016,FY15-16,04/01/2016,Buzz,"10,435"
711,Apr,2016,FY15-16,04/01/2016,Main St Link,"16,067"
712,May,2016,FY15-16,05/01/2016,104,"17,252"
713,May,2016,FY15-16,05/01/2016,108,"3,095"
714,May,2016,FY15-16,05/01/2016,112,"37,840"
715,May,2016,FY15-16,05/01/2016,120,"8,806"
716,May,2016,FY15-16,05/01/2016,128,"7,449"
717,May,2016,FY15-16,05/01/2016,136,"11,884"
718,May,2016,FY15-16,05/01/2016,156,"1,937"
719,May,2016,FY15-16,05/01/2016,184,"14,000"
720,May,2016,FY15-16,05/01/2016,30,"27,227"
721,May,2016,FY15-16,05/01/2016,40,"36,929"
722,May,2016,FY15-16,05/01/2016,45,"32,815"
723,May,2016,FY15-16,05/01/2016,531,"1,407"
724,May,2016,FY15-16,05/01/2016,533,"3,380"
725,May,2016,FY15-16,05/01/2016,535,"2,591"
726,May,2016,FY15-16,05/01/2016,541,"1,055"
727,May,2016,FY15-16,05/01/2016,61,"56,958"
728,May,2016,FY15-16,05/01/2016,77,"3,591"
729,May,2016,FY15-16,05/01/2016,96,"36,424"
730,May,2016,FY15-16,05/01/2016,AZ Ave Link,"8,821"
731,May,2016,FY15-16,05/01/2016,Buzz,"9,669"
732,May,2016,FY15-16,05/01/2016,Main St Link,"16,256"
733,Jun,2016,FY15-16,06/01/2016,104,"15,911"
734,Jun,2016,FY15-16,06/01/2016,108,"2,149"
735,Jun,2016,FY15-16,06/01/2016,112,"33,652"
736,Jun,2016,FY15-16,06/01/2016,120,"8,297"
737,Jun,2016,FY15-16,06/01/2016,128,"6,910"
738,Jun,2016,FY15-16,06/01/2016,136,"10,253"
739,Jun,2016,FY15-16,06/01/2016,156,"2,640"
740,Jun,2016,FY15-16,06/01/2016,184,"11,278"
741,Jun,2016,FY15-16,06/01/2016,30,"26,136"
742,Jun,2016,FY15-16,06/01/2016,40,"35,169"
743,Jun,2016,FY15-16,06/01/2016,45,"30,853"
744,Jun,2016,FY15-16,06/01/2016,531,"1,575"
745,Jun,2016,FY15-16,06/01/2016,533,"3,777"
746,Jun,2016,FY15-16,06/01/2016,535,"2,898"
747,Jun,2016,FY15-16,06/01/2016,541,"1,098"
748,Jun,2016,FY15-16,06/01/2016,61,"49,465"
749,Jun,2016,FY15-16,06/01/2016,77,"3,059"
750,Jun,2016,FY15-16,06/01/2016,96,"32,695"
751,Jun,2016,FY15-16,06/01/2016,AZ Ave Link,"9,078"
752,Jun,2016,FY15-16,06/01/2016,Buzz,"6,587"
753,Jun,2016,FY15-16,06/01/2016,Main St Link,"15,778"
754,Jul,2016,FY16-17,07/01/2016,104,"14,047"
755,Jul,2016,FY16-17,07/01/2016,108,"2,476"
756,Jul,2016,FY16-17,07/01/2016,112,"34,624"
757,Jul,2016,FY16-17,07/01/2016,120,"8,512"
758,Jul,2016,FY16-17,07/01/2016,128,"6,550"
759,Jul,2016,FY16-17,07/01/2016,136,"9,658"
760,Jul,2016,FY16-17,07/01/2016,156,"1,342"
761,Jul,2016,FY16-17,07/01/2016,184,"11,317"
762,Jul,2016,FY16-17,07/01/2016,30,"24,536"
763,Jul,2016,FY16-17,07/01/2016,40,"35,646"
764,Jul,2016,FY16-17,07/01/2016,45,"28,810"
765,Jul,2016,FY16-17,07/01/2016,531,"1,278"
766,Jul,2016,FY16-17,07/01/2016,533,"3,136"
767,Jul,2016,FY16-17,07/01/2016,535,"2,727"
768,Jul,2016,FY16-17,07/01/2016,541,993
769,Jul,2016,FY16-17,07/01/2016,61,"44,500"
770,Jul,2016,FY16-17,07/01/2016,77,"2,635"
771,Jul,2016,FY16-17,07/01/2016,96,"30,279"
772,Jul,2016,FY16-17,07/01/2016,AZ Ave Link,"8,213"
773,Jul,2016,FY16-17,07/01/2016,Buzz,"7,009"
774,Jul,2016,FY16-17,07/01/2016,Main St Link,"14,204"
775,Aug,2016,FY16-17,08/01/2016,104,"15,222"
776,Aug,2016,FY16-17,08/01/2016,108,"3,484"
777,Aug,2016,FY16-17,08/01/2016,112,"40,936"
778,Aug,2016,FY16-17,08/01/2016,120,"9,536"
779,Aug,2016,FY16-17,08/01/2016,128,"8,120"
780,Aug,2016,FY16-17,08/01/2016,136,"12,328"
781,Aug,2016,FY16-17,08/01/2016,156,"2,036"
782,Aug,2016,FY16-17,08/01/2016,184,"12,221"
783,Aug,2016,FY16-17,08/01/2016,30,"30,670"
784,Aug,2016,FY16-17,08/01/2016,40,"38,557"
785,Aug,2016,FY16-17,08/01/2016,45,"33,438"
786,Aug,2016,FY16-17,08/01/2016,531,"1,430"
787,Aug,2016,FY16-17,08/01/2016,533,"3,638"
788,Aug,2016,FY16-17,08/01/2016,535,"3,444"
789,Aug,2016,FY16-17,08/01/2016,541,"1,197"
790,Aug,2016,FY16-17,08/01/2016,61,"59,604"
791,Aug,2016,FY16-17,08/01/2016,77,"2,456"
792,Aug,2016,FY16-17,08/01/2016,96,"38,499"
793,Aug,2016,FY16-17,08/01/2016,AZ Ave Link,"9,743"
794,Aug,2016,FY16-17,08/01/2016,Buzz,"10,841"
795,Aug,2016,FY16-17,08/01/2016,Main St Link,"15,826"
796,Sep,2016,FY16-17,09/01/2016,104,"14,358"
797,Sep,2016,FY16-17,09/01/2016,108,"2,796"
798,Sep,2016,FY16-17,09/01/2016,112,"38,049"
799,Sep,2016,FY16-17,09/01/2016,120,"8,815"
800,Sep,2016,FY16-17,09/01/2016,128,"8,069"
801,Sep,2016,FY16-17,09/01/2016,136,"11,982"
802,Sep,2016,FY16-17,09/01/2016,156,"1,747"
803,Sep,2016,FY16-17,09/01/2016,184,"12,416"
804,Sep,2016,FY16-17,09/01/2016,30,"29,286"
805,Sep,2016,FY16-17,09/01/2016,40,"39,024"
806,Sep,2016,FY16-17,09/01/2016,45,"31,327"
807,Sep,2016,FY16-17,09/01/2016,531,"1,364"
808,Sep,2016,FY16-17,09/01/2016,533,"3,225"
809,Sep,2016,FY16-17,09/01/2016,535,"3,354"
810,Sep,2016,FY16-17,09/01/2016,541,"1,152"
811,Sep,2016,FY16-17,09/01/2016,61,"61,766"
812,Sep,2016,FY16-17,09/01/2016,77,"2,492"
813,Sep,2016,FY16-17,09/01/2016,96,"40,623"
814,Sep,2016,FY16-17,09/01/2016,AZ Ave Link,"7,678"
815,Sep,2016,FY16-17,09/01/2016,Buzz,"11,947"
816,Sep,2016,FY16-17,09/01/2016,Main St Link,"14,517"
817,Oct,2016,FY16-17,10/01/2016,104,"15,068"
818,Oct,2016,FY16-17,10/01/2016,108,"3,656"
819,Oct,2016,FY16-17,10/01/2016,112,"42,928"
820,Oct,2016,FY16-17,10/01/2016,120,"9,097"
821,Oct,2016,FY16-17,10/01/2016,128,"8,522"
822,Oct,2016,FY16-17,10/01/2016,136,"12,172"
823,Oct,2016,FY16-17,10/01/2016,156,"1,513"
824,Oct,2016,FY16-17,10/01/2016,184,"11,771"
825,Oct,2016,FY16-17,10/01/2016,30,"30,405"
826,Oct,2016,FY16-17,10/01/2016,40,"45,779"
827,Oct,2016,FY16-17,10/01/2016,45,"31,705"
828,Oct,2016,FY16-17,10/01/2016,531,"1,356"
829,Oct,2016,FY16-17,10/01/2016,533,"3,253"
830,Oct,2016,FY16-17,10/01/2016,535,"3,145"
831,Oct,2016,FY16-17,10/01/2016,541,"1,022"
832,Oct,2016,FY16-17,10/01/2016,61,"63,822"
833,Oct,2016,FY16-17,10/01/2016,77,"2,055"
834,Oct,2016,FY16-17,10/01/2016,96,"40,171"
835,Oct,2016,FY16-17,10/01/2016,AZ Ave Link,"5,849"
836,Oct,2016,FY16-17,10/01/2016,Buzz,"11,102"
837,Oct,2016,FY16-17,10/01/2016,Main St Link,"12,041"
838,Nov,2016,FY16-17,11/01/2016,104,"14,719"
839,Nov,2016,FY16-17,11/01/2016,108,"3,449"
840,Nov,2016,FY16-17,11/01/2016,112,"49,099"
841,Nov,2016,FY16-17,11/01/2016,120,"8,211"
842,Nov,2016,FY16-17,11/01/2016,128,"7,445"
843,Nov,2016,FY16-17,11/01/2016,136,"11,450"
844,Nov,2016,FY16-17,11/01/2016,156,"1,392"
845,Nov,2016,FY16-17,11/01/2016,184,"10,187"
846,Nov,2016,FY16-17,11/01/2016,30,"28,272"
847,Nov,2016,FY16-17,11/01/2016,40,"56,139"
848,Nov,2016,FY16-17,11/01/2016,45,"28,897"
849,Nov,2016,FY16-17,11/01/2016,531,"1,263"
850,Nov,2016,FY16-17,11/01/2016,533,"3,506"
851,Nov,2016,FY16-17,11/01/2016,535,"2,937"
852,Nov,2016,FY16-17,11/01/2016,541,885
853,Nov,2016,FY16-17,11/01/2016,61,"58,969"
854,Nov,2016,FY16-17,11/01/2016,77,"1,937"
855,Nov,2016,FY16-17,11/01/2016,96,"38,177"
856,Nov,2016,FY16-17,11/01/2016,Buzz,"11,234"
857,Dec,2016,FY16-17,12/01/2016,104,"14,147"
858,Dec,2016,FY16-17,12/01/2016,108,"3,595"
859,Dec,2016,FY16-17,12/01/2016,112,"47,547"
860,Dec,2016,FY16-17,12/01/2016,120,"8,722"
861,Dec,2016,FY16-17,12/01/2016,128,"7,183"
862,Dec,2016,FY16-17,12/01/2016,136,"11,131"
863,Dec,2016,FY16-17,12/01/2016,156,"1,250"
864,Dec,2016,FY16-17,12/01/2016,184,"10,468"
865,Dec,2016,FY16-17,12/01/2016,30,"28,010"
866,Dec,2016,FY16-17,12/01/2016,40,"55,929"
867,Dec,2016,FY16-17,12/01/2016,45,"29,993"
868,Dec,2016,FY16-17,12/01/2016,531,"1,117"
869,Dec,2016,FY16-17,12/01/2016,533,"3,853"
870,Dec,2016,FY16-17,12/01/2016,535,"2,599"
871,Dec,2016,FY16-17,12/01/2016,541,837
872,Dec,2016,FY16-17,12/01/2016,61,"55,397"
873,Dec,2016,FY16-17,12/01/2016,77,"1,991"
874,Dec,2016,FY16-17,12/01/2016,96,"36,313"
875,Dec,2016,FY16-17,12/01/2016,Buzz,"10,906"
876,Jan,2017,FY16-17,01/01/2017,104,"13,721"
877,Jan,2017,FY16-17,01/01/2017,108,"3,122"
878,Jan,2017,FY16-17,01/01/2017,112,"50,739"
879,Jan,2017,FY16-17,01/01/2017,120,"8,515"
880,Jan,2017,FY16-17,01/01/2017,128,"7,418"
881,Jan,2017,FY16-17,01/01/2017,136,"10,448"
882,Jan,2017,FY16-17,01/01/2017,156,"1,518"
883,Jan,2017,FY16-17,01/01/2017,184,"10,879"
884,Jan,2017,FY16-17,01/01/2017,30,"27,079"
885,Jan,2017,FY16-17,01/01/2017,40,"56,537"
886,Jan,2017,FY16-17,01/01/2017,45,"27,797"
887,Jan,2017,FY16-17,01/01/2017,531,"1,310"
888,Jan,2017,FY16-17,01/01/2017,533,"4,071"
889,Jan,2017,FY16-17,01/01/2017,535,"3,335"
890,Jan,2017,FY16-17,01/01/2017,541,927
891,Jan,2017,FY16-17,01/01/2017,61,"60,014"
892,Jan,2017,FY16-17,01/01/2017,77,"2,051"
893,Jan,2017,FY16-17,01/01/2017,96,"35,164"
894,Jan,2017,FY16-17,01/01/2017,Buzz,"10,758"
895,Feb,2017,FY16-17,02/01/2017,104,"13,458"
896,Feb,2017,FY16-17,02/01/2017,108,"3,179"
897,Feb,2017,FY16-17,02/01/2017,112,"49,040"
898,Feb,2017,FY16-17,02/01/2017,120,"8,267"
899,Feb,2017,FY16-17,02/01/2017,128,"7,045"
900,Feb,2017,FY16-17,02/01/2017,136,"11,010"
901,Feb,2017,FY16-17,02/01/2017,156,"1,395"
902,Feb,2017,FY16-17,02/01/2017,184,"10,287"
903,Feb,2017,FY16-17,02/01/2017,30,"25,924"
904,Feb,2017,FY16-17,02/01/2017,40,"55,373"
905,Feb,2017,FY16-17,02/01/2017,45,"27,889"
906,Feb,2017,FY16-17,02/01/2017,531,"1,254"
907,Feb,2017,FY16-17,02/01/2017,533,"3,757"
908,Feb,2017,FY16-17,02/01/2017,535,"3,122"
909,Feb,2017,FY16-17,02/01/2017,541,962
910,Feb,2017,FY16-17,02/01/2017,61,"60,669"
911,Feb,2017,FY16-17,02/01/2017,77,"2,623"
912,Feb,2017,FY16-17,02/01/2017,96,"36,460"
913,Feb,2017,FY16-17,02/01/2017,Buzz,"10,287"
914,Mar,2017,FY16-17,03/01/2017,104,"15,419"
915,Mar,2017,FY16-17,03/01/2017,108,"3,410"
916,Mar,2017,FY16-17,03/01/2017,112,"52,828"
917,Mar,2017,FY16-17,03/01/2017,120,"10,157"
918,Mar,2017,FY16-17,03/01/2017,128,"8,451"
919,Mar,2017,FY16-17,03/01/2017,136,"12,585"
920,Mar,2017,FY16-17,03/01/2017,156,"1,765"
921,Mar,2017,FY16-17,03/01/2017,184,"11,919"
922,Mar,2017,FY16-17,03/01/2017,30,"31,256"
923,Mar,2017,FY16-17,03/01/2017,40,"57,779"
924,Mar,2017,FY16-17,03/01/2017,45,"31,599"
925,Mar,2017,FY16-17,03/01/2017,531,"1,305"
926,Mar,2017,FY16-17,03/01/2017,533,"4,608"
927,Mar,2017,FY16-17,03/01/2017,535,"3,665"
928,Mar,2017,FY16-17,03/01/2017,541,"1,136"
929,Mar,2017,FY16-17,03/01/2017,61,"63,286"
930,Mar,2017,FY16-17,03/01/2017,77,"2,811"
931,Mar,2017,FY16-17,03/01/2017,96,"38,539"
932,Mar,2017,FY16-17,03/01/2017,Buzz,"11,288"
933,Apr,2017,FY16-17,04/01/2017,104,"12,924"
934,Apr,2017,FY16-17,04/01/2017,108,"3,302"
935,Apr,2017,FY16-17,04/01/2017,112,"49,488"
936,Apr,2017,FY16-17,04/01/2017,120,"8,108"
937,Apr,2017,FY16-17,04/01/2017,128,"7,308"
938,Apr,2017,FY16-17,04/01/2017,136,"11,108"
939,Apr,2017,FY16-17,04/01/2017,156,"1,470"
940,Apr,2017,FY16-17,04/01/2017,184,"10,496"
941,Apr,2017,FY16-17,04/01/2017,30,"27,400"
942,Apr,2017,FY16-17,04/01/2017,40,"52,478"
943,Apr,2017,FY16-17,04/01/2017,45,"29,114"
944,Apr,2017,FY16-17,04/01/2017,531,"1,241"
945,Apr,2017,FY16-17,04/01/2017,533,"3,846"
946,Apr,2017,FY16-17,04/01/2017,535,"3,161"
947,Apr,2017,FY16-17,04/01/2017,541,"1,048"
948,Apr,2017,FY16-17,04/01/2017,61,"59,466"
949,Apr,2017,FY16-17,04/01/2017,77,"2,020"
950,Apr,2017,FY16-17,04/01/2017,96,"33,864"
951,Apr,2017,FY16-17,04/01/2017,Buzz,"10,477"
952,May,2017,FY16-17,05/01/2017,104,"13,113"
953,May,2017,FY16-17,05/01/2017,108,"2,966"
954,May,2017,FY16-17,05/01/2017,112,"52,812"
955,May,2017,FY16-17,05/01/2017,120,"8,173"
956,May,2017,FY16-17,05/01/2017,128,"6,897"
957,May,2017,FY16-17,05/01/2017,136,"10,354"
958,May,2017,FY16-17,05/01/2017,156,"1,294"
959,May,2017,FY16-17,05/01/2017,184,"10,474"
960,May,2017,FY16-17,05/01/2017,30,"27,631"
961,May,2017,FY16-17,05/01/2017,40,"53,816"
962,May,2017,FY16-17,05/01/2017,45,"27,949"
963,May,2017,FY16-17,05/01/2017,531,"1,348"
964,May,2017,FY16-17,05/01/2017,533,"3,989"
965,May,2017,FY16-17,05/01/2017,535,"3,220"
966,May,2017,FY16-17,05/01/2017,541,"1,019"
967,May,2017,FY16-17,05/01/2017,61,"54,907"
968,May,2017,FY16-17,05/01/2017,77,"1,941"
969,May,2017,FY16-17,05/01/2017,96,"33,204"
970,May,2017,FY16-17,05/01/2017,Buzz,"10,851"
971,Jun,2017,FY16-17,06/01/2017,104,"11,254"
972,Jun,2017,FY16-17,06/01/2017,108,"2,857"
973,Jun,2017,FY16-17,06/01/2017,112,"49,743"
974,Jun,2017,FY16-17,06/01/2017,120,"8,056"
975,Jun,2017,FY16-17,06/01/2017,128,"5,931"
976,Jun,2017,FY16-17,06/01/2017,136,"8,867"
977,Jun,2017,FY16-17,06/01/2017,156,"1,111"
978,Jun,2017,FY16-17,06/01/2017,184,"8,424"
979,Jun,2017,FY16-17,06/01/2017,30,"24,201"
980,Jun,2017,FY16-17,06/01/2017,40,"48,379"
981,Jun,2017,FY16-17,06/01/2017,45,"25,184"
982,Jun,2017,FY16-17,06/01/2017,531,"1,219"
983,Jun,2017,FY16-17,06/01/2017,533,"3,930"
984,Jun,2017,FY16-17,06/01/2017,535,"3,313"
985,Jun,2017,FY16-17,06/01/2017,541,928
986,Jun,2017,FY16-17,06/01/2017,61,"48,404"
987,Jun,2017,FY16-17,06/01/2017,77,"1,769"
988,Jun,2017,FY16-17,06/01/2017,96,"28,636"
989,Jun,2017,FY16-17,06/01/2017,Buzz,"7,648"
990,Jul,2017,FY17-18,07/01/2017,104,"10,262"
991,Jul,2017,FY17-18,07/01/2017,108,"3,036"
992,Jul,2017,FY17-18,07/01/2017,112,"48,378"
993,Jul,2017,FY17-18,07/01/2017,120,"7,988"
994,Jul,2017,FY17-18,07/01/2017,128,"5,428"
995,Jul,2017,FY17-18,07/01/2017,136,"7,768"
996,Jul,2017,FY17-18,07/01/2017,156,"1,252"
997,Jul,2017,FY17-18,07/01/2017,184,"8,886"
998,Jul,2017,FY17-18,07/01/2017,30,"22,333"
999,Jul,2017,FY17-18,07/01/2017,40,"46,554"
1000,Jul,2017,FY17-18,07/01/2017,45,"23,461"
1001,Jul,2017,FY17-18,07/01/2017,531,"1,164"
1002,Jul,2017,FY17-18,07/01/2017,533,"3,400"
1003,Jul,2017,FY17-18,07/01/2017,535,"2,971"
1004,Jul,2017,FY17-18,07/01/2017,541,909
1005,Jul,2017,FY17-18,07/01/2017,61,"43,674"
1006,Jul,2017,FY17-18,07/01/2017,77,"1,785"
1007,Jul,2017,FY17-18,07/01/2017,96,"29,048"
1008,Jul,2017,FY17-18,07/01/2017,Buzz,"7,236"
1009,Aug,2017,FY17-18,08/01/2017,104,"14,532"
1010,Aug,2017,FY17-18,08/01/2017,108,"3,854"
1011,Aug,2017,FY17-18,08/01/2017,112,"54,855"
1012,Aug,2017,FY17-18,08/01/2017,120,"10,040"
1013,Aug,2017,FY17-18,08/01/2017,128,"7,078"
1014,Aug,2017,FY17-18,08/01/2017,136,"11,348"
1015,Aug,2017,FY17-18,08/01/2017,156,"2,641"
1016,Aug,2017,FY17-18,08/01/2017,184,"12,145"
1017,Aug,2017,FY17-18,08/01/2017,30,"30,416"
1018,Aug,2017,FY17-18,08/01/2017,40,"52,893"
1019,Aug,2017,FY17-18,08/01/2017,45,"29,991"
1020,Aug,2017,FY17-18,08/01/2017,531,"1,393"
1021,Aug,2017,FY17-18,08/01/2017,533,"4,296"
1022,Aug,2017,FY17-18,08/01/2017,535,"3,775"
1023,Aug,2017,FY17-18,08/01/2017,541,"1,047"
1024,Aug,2017,FY17-18,08/01/2017,61,"61,337"
1025,Aug,2017,FY17-18,08/01/2017,77,"2,492"
1026,Aug,2017,FY17-18,08/01/2017,96,"36,000"
1027,Aug,2017,FY17-18,08/01/2017,Buzz,"11,676"
1028,Sep,2017,FY17-18,09/01/2017,104,"14,824"
1029,Sep,2017,FY17-18,09/01/2017,108,"3,163"
1030,Sep,2017,FY17-18,09/01/2017,112,"53,969"
1031,Sep,2017,FY17-18,09/01/2017,120,"8,588"
1032,Sep,2017,FY17-18,09/01/2017,128,"7,319"
1033,Sep,2017,FY17-18,09/01/2017,136,"10,979"
1034,Sep,2017,FY17-18,09/01/2017,156,"2,023"
1035,Sep,2017,FY17-18,09/01/2017,184,"11,610"
1036,Sep,2017,FY17-18,09/01/2017,30,"29,173"
1037,Sep,2017,FY17-18,09/01/2017,40,"51,750"
1038,Sep,2017,FY17-18,09/01/2017,45,"29,890"
1039,Sep,2017,FY17-18,09/01/2017,531,"1,291"
1040,Sep,2017,FY17-18,09/01/2017,533,"3,608"
1041,Sep,2017,FY17-18,09/01/2017,535,"3,244"
1042,Sep,2017,FY17-18,09/01/2017,541,930
1043,Sep,2017,FY17-18,09/01/2017,61,"64,897"
1044,Sep,2017,FY17-18,09/01/2017,77,"2,325"
1045,Sep,2017,FY17-18,09/01/2017,96,"38,173"
1046,Sep,2017,FY17-18,09/01/2017,Buzz,"11,843"
1047,Oct,2017,FY17-18,10/01/2017,104,"15,544"
1048,Oct,2017,FY17-18,10/01/2017,108,"3,725"
1049,Oct,2017,FY17-18,10/01/2017,112,"57,096"
1050,Oct,2017,FY17-18,10/01/2017,120,"8,804"
1051,Oct,2017,FY17-18,10/01/2017,128,"7,737"
1052,Oct,2017,FY17-18,10/01/2017,136,"12,109"
1053,Oct,2017,FY17-18,10/01/2017,156,"2,525"
1054,Oct,2017,FY17-18,10/01/2017,184,"13,069"
1055,Oct,2017,FY17-18,10/01/2017,30,"31,656"
1056,Oct,2017,FY17-18,10/01/2017,40,"54,330"
1057,Oct,2017,FY17-18,10/01/2017,45,"30,471"
1058,Oct,2017,FY17-18,10/01/2017,531,"1,218"
1059,Oct,2017,FY17-18,10/01/2017,533,"3,763"
1060,Oct,2017,FY17-18,10/01/2017,535,"3,604"
1061,Oct,2017,FY17-18,10/01/2017,541,991
1062,Oct,2017,FY17-18,10/01/2017,61,"66,124"
1063,Oct,2017,FY17-18,10/01/2017,77,"1,829"
1064,Oct,2017,FY17-18,10/01/2017,96,"38,921"
1065,Oct,2017,FY17-18,10/01/2017,Buzz,"12,502"
1066,Nov,2017,FY17-18,11/01/2017,104,"13,901"
1067,Nov,2017,FY17-18,11/01/2017,108,"3,382"
1068,Nov,2017,FY17-18,11/01/2017,112,"54,258"
1069,Nov,2017,FY17-18,11/01/2017,120,"7,194"
1070,Nov,2017,FY17-18,11/01/2017,128,"6,883"
1071,Nov,2017,FY17-18,11/01/2017,136,"12,545"
1072,Nov,2017,FY17-18,11/01/2017,156,"2,708"
1073,Nov,2017,FY17-18,11/01/2017,184,"10,172"
1074,Nov,2017,FY17-18,11/01/2017,30,"27,779"
1075,Nov,2017,FY17-18,11/01/2017,40,"52,133"
1076,Nov,2017,FY17-18,11/01/2017,45,"27,957"
1077,Nov,2017,FY17-18,11/01/2017,531,"1,377"
1078,Nov,2017,FY17-18,11/01/2017,533,"3,512"
1079,Nov,2017,FY17-18,11/01/2017,535,"2,918"
1080,Nov,2017,FY17-18,11/01/2017,541,806
1081,Nov,2017,FY17-18,11/01/2017,61,"61,098"
1082,Nov,2017,FY17-18,11/01/2017,77,"1,856"
1083,Nov,2017,FY17-18,11/01/2017,96,"38,496"
1084,Nov,2017,FY17-18,11/01/2017,Buzz,"10,984"
1085,Dec,2017,FY17-18,12/01/2017,104,"13,903"
1086,Dec,2017,FY17-18,12/01/2017,108,"3,542"
1087,Dec,2017,FY17-18,12/01/2017,112,"53,602"
1088,Dec,2017,FY17-18,12/01/2017,120,"6,801"
1089,Dec,2017,FY17-18,12/01/2017,128,"7,008"
1090,Dec,2017,FY17-18,12/01/2017,136,"11,261"
1091,Dec,2017,FY17-18,12/01/2017,156,"2,064"
1092,Dec,2017,FY17-18,12/01/2017,184,"9,204"
1093,Dec,2017,FY17-18,12/01/2017,30,"25,489"
1094,Dec,2017,FY17-18,12/01/2017,40,"51,883"
1095,Dec,2017,FY17-18,12/01/2017,45,"26,416"
1096,Dec,2017,FY17-18,12/01/2017,531,"1,038"
1097,Dec,2017,FY17-18,12/01/2017,533,"3,164"
1098,Dec,2017,FY17-18,12/01/2017,535,"2,588"
1099,Dec,2017,FY17-18,12/01/2017,541,863
1100,Dec,2017,FY17-18,12/01/2017,61,"57,102"
1101,Dec,2017,FY17-18,12/01/2017,77,"1,875"
1102,Dec,2017,FY17-18,12/01/2017,96,"36,074"
1103,Dec,2017,FY17-18,12/01/2017,Buzz,"10,995"
1104,Jan,2018,FY17-18,01/01/2018,104,"14,519"
1105,Jan,2018,FY17-18,01/01/2018,108,"2,837"
1106,Jan,2018,FY17-18,01/01/2018,112,"56,660"
1107,Jan,2018,FY17-18,01/01/2018,120,"8,096"
1108,Jan,2018,FY17-18,01/01/2018,128,"6,525"
1109,Jan,2018,FY17-18,01/01/2018,136,"13,478"
1110,Jan,2018,FY17-18,01/01/2018,156,"1,754"
1111,Jan,2018,FY17-18,01/01/2018,184,"10,384"
1112,Jan,2018,FY17-18,01/01/2018,30,"26,189"
1113,Jan,2018,FY17-18,01/01/2018,40,"54,186"
1114,Jan,2018,FY17-18,01/01/2018,45,"27,421"
1115,Jan,2018,FY17-18,01/01/2018,531,978
1116,Jan,2018,FY17-18,01/01/2018,533,"4,380"
1117,Jan,2018,FY17-18,01/01/2018,535,"3,898"
1118,Jan,2018,FY17-18,01/01/2018,541,936
1119,Jan,2018,FY17-18,01/01/2018,61,"60,070"
1120,Jan,2018,FY17-18,01/01/2018,77,"1,994"
1121,Jan,2018,FY17-18,01/01/2018,96,"36,994"
1122,Jan,2018,FY17-18,01/01/2018,Buzz,"10,935"
1123,Feb,2018,FY17-18,02/01/2018,30,"25,231"
1124,Feb,2018,FY17-18,02/01/2018,40,"48,536"
1125,Feb,2018,FY17-18,02/01/2018,45,"25,555"
1126,Feb,2018,FY17-18,02/01/2018,61,"54,564"
1127,Feb,2018,FY17-18,02/01/2018,77,"2,058"
1128,Feb,2018,FY17-18,02/01/2018,96,"34,862"
1129,Feb,2018,FY17-18,02/01/2018,104,"13,471"
1130,Feb,2018,FY17-18,02/01/2018,108,"2,560"
1131,Feb,2018,FY17-18,02/01/2018,112,"52,248"
1132,Feb,2018,FY17-18,02/01/2018,120,"7,514"
1133,Feb,2018,FY17-18,02/01/2018,128,"6,513"
1134,Feb,2018,FY17-18,02/01/2018,136,"10,903"
1135,Feb,2018,FY17-18,02/01/2018,156,"1,969"
1136,Feb,2018,FY17-18,02/01/2018,184,"9,130"
1137,Feb,2018,FY17-18,02/01/2018,531,"1,132"
1138,Feb,2018,FY17-18,02/01/2018,533,"4,246"
1139,Feb,2018,FY17-18,02/01/2018,535,"3,682"
1140,Feb,2018,FY17-18,02/01/2018,541,"1,127"
1141,Feb,2018,FY17-18,02/01/2018,Buzz,"11,532"
1142,Mar,2018,FY17-18,03/01/2018,104,"13,934"
1143,Mar,2018,FY17-18,03/01/2018,108,"2,617"
1144,Mar,2018,FY17-18,03/01/2018,112,"55,490"
1145,Mar,2018,FY17-18,03/01/2018,120,"7,875"
1146,Mar,2018,FY17-18,03/01/2018,128,"7,102"
1147,Mar,2018,FY17-18,03/01/2018,136,"12,006"
1148,Mar,2018,FY17-18,03/01/2018,156,"1,559"
1149,Mar,2018,FY17-18,03/01/2018,184,"10,053"
1150,Mar,2018,FY17-18,03/01/2018,30,"28,685"
1151,Mar,2018,FY17-18,03/01/2018,40,"55,584"
1152,Mar,2018,FY17-18,03/01/2018,45,"29,350"
1153,Mar,2018,FY17-18,03/01/2018,531,"1,351"
1154,Mar,2018,FY17-18,03/01/2018,533,"4,539"
1155,Mar,2018,FY17-18,03/01/2018,535,"4,533"
1156,Mar,2018,FY17-18,03/01/2018,541,"1,321"
1157,Mar,2018,FY17-18,03/01/2018,61,"56,743"
1158,Mar,2018,FY17-18,03/01/2018,77,"2,217"
1159,Mar,2018,FY17-18,03/01/2018,96,"36,714"
1160,Mar,2018,FY17-18,03/01/2018,Buzz,"12,825"
1161,Apr,2018,FY17-18,04/01/2018,104,"13,509"
1162,Apr,2018,FY17-18,04/01/2018,108,"2,661"
1163,Apr,2018,FY17-18,04/01/2018,112,"51,412"
1164,Apr,2018,FY17-18,04/01/2018,120,"6,382"
1165,Apr,2018,FY17-18,04/01/2018,128,"6,120"
1166,Apr,2018,FY17-18,04/01/2018,136,"11,483"
1167,Apr,2018,FY17-18,04/01/2018,156,"1,687"
1168,Apr,2018,FY17-18,04/01/2018,184,"9,998"
1169,Apr,2018,FY17-18,04/01/2018,30,"26,609"
1170,Apr,2018,FY17-18,04/01/2018,40,"49,587"
1171,Apr,2018,FY17-18,04/01/2018,45,"26,808"
1172,Apr,2018,FY17-18,04/01/2018,531,"1,398"
1173,Apr,2018,FY17-18,04/01/2018,533,"4,586"
1174,Apr,2018,FY17-18,04/01/2018,535,"4,495"
1175,Apr,2018,FY17-18,04/01/2018,541,"1,253"
1176,Apr,2018,FY17-18,04/01/2018,61,"55,731"
1177,Apr,2018,FY17-18,04/01/2018,77,"1,957"
1178,Apr,2018,FY17-18,04/01/2018,96,"35,564"
1179,Apr,2018,FY17-18,04/01/2018,Buzz,"10,978"
1180,May,2018,FY17-18,05/01/2018,104,"13,356"
1181,May,2018,FY17-18,05/01/2018,108,"2,561"
1182,May,2018,FY17-18,05/01/2018,112,"51,809"
1183,May,2018,FY17-18,05/01/2018,120,"7,703"
1184,May,2018,FY17-18,05/01/2018,128,"6,213"
1185,May,2018,FY17-18,05/01/2018,136,"10,777"
1186,May,2018,FY17-18,05/01/2018,156,"1,217"
1187,May,2018,FY17-18,05/01/2018,184,"9,508"
1188,May,2018,FY17-18,05/01/2018,30,"26,286"
1189,May,2018,FY17-18,05/01/2018,40,"48,921"
1190,May,2018,FY17-18,05/01/2018,45,"28,663"
1191,May,2018,FY17-18,05/01/2018,531,"1,390"
1192,May,2018,FY17-18,05/01/2018,533,"4,994"
1193,May,2018,FY17-18,05/01/2018,535,"4,061"
1194,May,2018,FY17-18,05/01/2018,541,"1,240"
1195,May,2018,FY17-18,05/01/2018,61,"52,824"
1196,May,2018,FY17-18,05/01/2018,77,"1,727"
1197,May,2018,FY17-18,05/01/2018,96,"35,129"
1198,May,2018,FY17-18,05/01/2018,Buzz,"8,820"
1199,Jun,2018,FY17-18,06/01/2018,104,"12,799"
1200,Jun,2018,FY17-18,06/01/2018,108,"1,928"
1201,Jun,2018,FY17-18,06/01/2018,112,"49,103"
1202,Jun,2018,FY17-18,06/01/2018,120,"7,177"
1203,Jun,2018,FY17-18,06/01/2018,128,"5,669"
1204,Jun,2018,FY17-18,06/01/2018,136,"10,091"
1205,Jun,2018,FY17-18,06/01/2018,156,813
1206,Jun,2018,FY17-18,06/01/2018,184,"8,225"
1207,Jun,2018,FY17-18,06/01/2018,30,"23,831"
1208,Jun,2018,FY17-18,06/01/2018,40,"45,470"
1209,Jun,2018,FY17-18,06/01/2018,45,"25,387"
1210,Jun,2018,FY17-18,06/01/2018,531,"1,203"
1211,Jun,2018,FY17-18,06/01/2018,533,"4,050"
1212,Jun,2018,FY17-18,06/01/2018,535,"3,556"
1213,Jun,2018,FY17-18,06/01/2018,541,"1,202"
1214,Jun,2018,FY17-18,06/01/2018,61,"46,319"
1215,Jun,2018,FY17-18,06/01/2018,77,"1,872"
1216,Jun,2018,FY17-18,06/01/2018,96,"31,803"
1217,Jun,2018,FY17-18,06/01/2018,Buzz,"6,418"
1218,Jul,2018,FY18-19,07/01/2018,104,"10,994"
1219,Jul,2018,FY18-19,07/01/2018,108,"1,738"
1220,Jul,2018,FY18-19,07/01/2018,112,"46,214"
1221,Jul,2018,FY18-19,07/01/2018,120,"7,352"
1222,Jul,2018,FY18-19,07/01/2018,128,"5,538"
1223,Jul,2018,FY18-19,07/01/2018,136,"12,605"
1224,Jul,2018,FY18-19,07/01/2018,156,658
1225,Jul,2018,FY18-19,07/01/2018,184,"7,601"
1226,Jul,2018,FY18-19,07/01/2018,30,"21,575"
1227,Jul,2018,FY18-19,07/01/2018,40,"45,163"
1228,Jul,2018,FY18-19,07/01/2018,45,"23,798"
1229,Jul,2018,FY18-19,07/01/2018,531,"1,154"
1230,Jul,2018,FY18-19,07/01/2018,533,"3,942"
1231,Jul,2018,FY18-19,07/01/2018,535,"3,396"
1232,Jul,2018,FY18-19,07/01/2018,541,"1,172"
1233,Jul,2018,FY18-19,07/01/2018,61,"42,702"
1234,Jul,2018,FY18-19,07/01/2018,77,"1,542"
1235,Jul,2018,FY18-19,07/01/2018,96,"30,722"
1236,Jul,2018,FY18-19,07/01/2018,AZ Ave Link,0
1237,Jul,2018,FY18-19,07/01/2018,Buzz,"6,354"
1238,Jul,2018,FY18-19,07/01/2018,Main St Link,0
1239,Aug,2018,FY18-19,08/01/2018,AZ Ave Link,0
1240,Aug,2018,FY18-19,08/01/2018,Main St Link,0
1241,Aug,2018,FY18-19,08/01/2018,104,"14,569"
1242,Aug,2018,FY18-19,08/01/2018,108,"1,900"
1243,Aug,2018,FY18-19,08/01/2018,112,"55,679"
1244,Aug,2018,FY18-19,08/01/2018,120,"8,323"
1245,Aug,2018,FY18-19,08/01/2018,128,"7,295"
1246,Aug,2018,FY18-19,08/01/2018,136,"14,494"
1247,Aug,2018,FY18-19,08/01/2018,156,"1,020"
1248,Aug,2018,FY18-19,08/01/2018,184,"8,316"
1249,Aug,2018,FY18-19,08/01/2018,30,"26,763"
1250,Aug,2018,FY18-19,08/01/2018,40,"49,173"
1251,Aug,2018,FY18-19,08/01/2018,45,"29,502"
1252,Aug,2018,FY18-19,08/01/2018,531,"1,426"
1253,Aug,2018,FY18-19,08/01/2018,533,"4,670"
1254,Aug,2018,FY18-19,08/01/2018,535,"3,767"
1255,Aug,2018,FY18-19,08/01/2018,541,"1,375"
1256,Aug,2018,FY18-19,08/01/2018,61,"51,845"
1257,Aug,2018,FY18-19,08/01/2018,77,"2,469"
1258,Aug,2018,FY18-19,08/01/2018,96,"36,949"
1259,Aug,2018,FY18-19,08/01/2018,Buzz,"9,148"
1260,Sep,2018,FY18-19,09/01/2018,45,"26,603"
1261,Sep,2018,FY18-19,09/01/2018,531,"1,065"
1262,Sep,2018,FY18-19,09/01/2018,533,"3,849"
1263,Sep,2018,FY18-19,09/01/2018,535,"3,404"
1264,Sep,2018,FY18-19,09/01/2018,541,"1,132"
1265,Sep,2018,FY18-19,09/01/2018,61,"47,088"
1266,Sep,2018,FY18-19,09/01/2018,77,"2,331"
1267,Sep,2018,FY18-19,09/01/2018,96,"34,506"
1268,Sep,2018,FY18-19,09/01/2018,Buzz,"8,821"
1269,Sep,2018,FY18-19,09/01/2018,104,"14,109"
1270,Sep,2018,FY18-19,09/01/2018,108,"1,785"
1271,Sep,2018,FY18-19,09/01/2018,112,"53,370"
1272,Sep,2018,FY18-19,09/01/2018,120,"7,409"
1273,Sep,2018,FY18-19,09/01/2018,128,"6,157"
1274,Sep,2018,FY18-19,09/01/2018,136,"13,864"
1275,Sep,2018,FY18-19,09/01/2018,156,"1,028"
1276,Sep,2018,FY18-19,09/01/2018,184,"8,429"
1277,Sep,2018,FY18-19,09/01/2018,30,"24,123"
1278,Sep,2018,FY18-19,09/01/2018,40,"46,628"
1279,Oct,2018,FY18-19,10/01/2018,104,"16,242"
1280,Oct,2018,FY18-19,10/01/2018,108,"1,922"
1281,Oct,2018,FY18-19,10/01/2018,112,"60,931"
1282,Oct,2018,FY18-19,10/01/2018,120,"8,143"
1283,Oct,2018,FY18-19,10/01/2018,128,"8,214"
1284,Oct,2018,FY18-19,10/01/2018,136,"13,067"
1285,Oct,2018,FY18-19,10/01/2018,156,"1,233"
1286,Oct,2018,FY18-19,10/01/2018,184,"10,070"
1287,Oct,2018,FY18-19,10/01/2018,30,"27,673"
1288,Oct,2018,FY18-19,10/01/2018,40,"45,477"
1289,Oct,2018,FY18-19,10/01/2018,45,"30,335"
1290,Oct,2018,FY18-19,10/01/2018,531,"1,338"
1291,Oct,2018,FY18-19,10/01/2018,533,"4,629"
1292,Oct,2018,FY18-19,10/01/2018,535,"3,926"
1293,Oct,2018,FY18-19,10/01/2018,541,"1,328"
1294,Oct,2018,FY18-19,10/01/2018,61,"55,935"
1295,Oct,2018,FY18-19,10/01/2018,77,"2,380"
1296,Oct,2018,FY18-19,10/01/2018,96,"37,229"
1297,Oct,2018,FY18-19,10/01/2018,Buzz,"15,049"
1298,Nov,2018,FY18-19,11/01/2018,104,"14,317"
1299,Nov,2018,FY18-19,11/01/2018,108,"1,711"
1300,Nov,2018,FY18-19,11/01/2018,112,"55,092"
1301,Nov,2018,FY18-19,11/01/2018,120,"7,140"
1302,Nov,2018,FY18-19,11/01/2018,128,"7,071"
1303,Nov,2018,FY18-19,11/01/2018,136,"9,944"
1304,Nov,2018,FY18-19,11/01/2018,156,"1,208"
1305,Nov,2018,FY18-19,11/01/2018,184,"9,848"
1306,Nov,2018,FY18-19,11/01/2018,30,"25,518"
1307,Nov,2018,FY18-19,11/01/2018,40,"42,368"
1308,Nov,2018,FY18-19,11/01/2018,45,"26,828"
1309,Nov,2018,FY18-19,11/01/2018,531,938
1310,Nov,2018,FY18-19,11/01/2018,533,"3,710"
1311,Nov,2018,FY18-19,11/01/2018,535,"3,171"
1312,Nov,2018,FY18-19,11/01/2018,541,979
1313,Nov,2018,FY18-19,11/01/2018,61,"49,936"
1314,Nov,2018,FY18-19,11/01/2018,77,"1,795"
1315,Nov,2018,FY18-19,11/01/2018,96,"32,667"
1316,Nov,2018,FY18-19,11/01/2018,Buzz,"11,951"
1317,Dec,2018,FY18-19,12/01/2018,104,"12,886"
1318,Dec,2018,FY18-19,12/01/2018,108,"1,507"
1319,Dec,2018,FY18-19,12/01/2018,112,"52,710"
1320,Dec,2018,FY18-19,12/01/2018,120,"6,491"
1321,Dec,2018,FY18-19,12/01/2018,128,"6,940"
1322,Dec,2018,FY18-19,12/01/2018,136,"8,752"
1323,Dec,2018,FY18-19,12/01/2018,156,868
1324,Dec,2018,FY18-19,12/01/2018,184,"8,805"
1325,Dec,2018,FY18-19,12/01/2018,30,"23,331"
1326,Dec,2018,FY18-19,12/01/2018,40,"43,271"
1327,Dec,2018,FY18-19,12/01/2018,45,"25,165"
1328,Dec,2018,FY18-19,12/01/2018,531,892
1329,Dec,2018,FY18-19,12/01/2018,533,"3,278"
1330,Dec,2018,FY18-19,12/01/2018,535,"2,681"
1331,Dec,2018,FY18-19,12/01/2018,541,828
1332,Dec,2018,FY18-19,12/01/2018,61,"47,209"
1333,Dec,2018,FY18-19,12/01/2018,77,"1,919"
1334,Dec,2018,FY18-19,12/01/2018,96,"31,778"
1335,Dec,2018,FY18-19,12/01/2018,Buzz,"11,674"
1336,Jan,2019,FY18-19,01/01/2019,104,"14,571"
1337,Jan,2019,FY18-19,01/01/2019,108,"1,413"
1338,Jan,2019,FY18-19,01/01/2019,112,"57,184"
1339,Jan,2019,FY18-19,01/01/2019,120,"7,312"
1340,Jan,2019,FY18-19,01/01/2019,128,"6,843"
1341,Jan,2019,FY18-19,01/01/2019,136,"10,036"
1342,Jan,2019,FY18-19,01/01/2019,156,"1,244"
1343,Jan,2019,FY18-19,01/01/2019,184,"10,232"
1344,Jan,2019,FY18-19,01/01/2019,30,"26,562"
1345,Jan,2019,FY18-19,01/01/2019,40,"45,721"
1346,Jan,2019,FY18-19,01/01/2019,45,"27,926"
1347,Jan,2019,FY18-19,01/01/2019,531,"2,660"
1348,Jan,2019,FY18-19,01/01/2019,533,"4,271"
1349,Jan,2019,FY18-19,01/01/2019,535,"3,372"
1350,Jan,2019,FY18-19,01/01/2019,541,"1,167"
1351,Jan,2019,FY18-19,01/01/2019,61,"50,370"
1352,Jan,2019,FY18-19,01/01/2019,77,"2,285"
1353,Jan,2019,FY18-19,01/01/2019,96,"32,841"
1354,Jan,2019,FY18-19,01/01/2019,Buzz,"12,498"
1355,Feb,2019,FY18-19,02/01/2019,104,"13,256"
1356,Feb,2019,FY18-19,02/01/2019,108,"1,164"
1357,Feb,2019,FY18-19,02/01/2019,112,"51,321"
1358,Feb,2019,FY18-19,02/01/2019,120,"6,016"
1359,Feb,2019,FY18-19,02/01/2019,128,"6,741"
1360,Feb,2019,FY18-19,02/01/2019,136,"9,176"
1361,Feb,2019,FY18-19,02/01/2019,156,"1,256"
1362,Feb,2019,FY18-19,02/01/2019,184,"9,219"
1363,Feb,2019,FY18-19,02/01/2019,30,"23,253"
1364,Feb,2019,FY18-19,02/01/2019,40,"40,368"
1365,Feb,2019,FY18-19,02/01/2019,45,"24,905"
1366,Feb,2019,FY18-19,02/01/2019,531,975
1367,Feb,2019,FY18-19,02/01/2019,533,"4,251"
1368,Feb,2019,FY18-19,02/01/2019,535,"3,101"
1369,Feb,2019,FY18-19,02/01/2019,541,875
1370,Feb,2019,FY18-19,02/01/2019,61,"45,367"
1371,Feb,2019,FY18-19,02/01/2019,77,"2,048"
1372,Feb,2019,FY18-19,02/01/2019,96,"33,921"
1373,Feb,2019,FY18-19,02/01/2019,Buzz,"11,438"
1374,Mar,2019,FY18-19,03/01/2019,104,"14,193"
1375,Mar,2019,FY18-19,03/01/2019,108,"1,527"
1376,Mar,2019,FY18-19,03/01/2019,112,"54,594"
1377,Mar,2019,FY18-19,03/01/2019,120,"6,225"
1378,Mar,2019,FY18-19,03/01/2019,128,"7,058"
1379,Mar,2019,FY18-19,03/01/2019,136,"10,618"
1380,Mar,2019,FY18-19,03/01/2019,156,"1,448"
1381,Mar,2019,FY18-19,03/01/2019,184,"9,788"
1382,Mar,2019,FY18-19,03/01/2019,30,"24,074"
1383,Mar,2019,FY18-19,03/01/2019,40,"43,865"
1384,Mar,2019,FY18-19,03/01/2019,45,"25,037"
1385,Mar,2019,FY18-19,03/01/2019,531,"1,138"
1386,Mar,2019,FY18-19,03/01/2019,533,"4,412"
1387,Mar,2019,FY18-19,03/01/2019,535,"3,309"
1388,Mar,2019,FY18-19,03/01/2019,541,970
1389,Mar,2019,FY18-19,03/01/2019,61,"47,197"
1390,Mar,2019,FY18-19,03/01/2019,77,"2,089"
1391,Mar,2019,FY18-19,03/01/2019,96,"33,544"
1392,Mar,2019,FY18-19,03/01/2019,Buzz,"11,591"
1393,Apr,2019,FY18-19,04/01/2019,531,"1,068"
1394,Apr,2019,FY18-19,04/01/2019,40,"43,971"
1395,Apr,2019,FY18-19,04/01/2019,108,"1,487"
1396,Apr,2019,FY18-19,04/01/2019,136,"12,771"
1397,Apr,2019,FY18-19,04/01/2019,96,"33,727"
1398,Apr,2019,FY18-19,04/01/2019,541,"1,081"
1399,Apr,2019,FY18-19,04/01/2019,156,"2,162"
1400,Apr,2019,FY18-19,04/01/2019,104,"15,239"
1401,Apr,2019,FY18-19,04/01/2019,30,"24,815"
1402,Apr,2019,FY18-19,04/01/2019,77,"2,881"
1403,Apr,2019,FY18-19,04/01/2019,128,"7,031"
1404,Apr,2019,FY18-19,04/01/2019,535,"3,713"
1405,Apr,2019,FY18-19,04/01/2019,45,"26,513"
1406,Apr,2019,FY18-19,04/01/2019,61,"49,041"
1407,Apr,2019,FY18-19,04/01/2019,Buzz,"12,498"
1408,Apr,2019,FY18-19,04/01/2019,533,"4,761"
1409,Apr,2019,FY18-19,04/01/2019,112,"56,338"
1410,Apr,2019,FY18-19,04/01/2019,120,"6,384"
1411,Apr,2019,FY18-19,04/01/2019,184,"9,900"
1412,May,2019,FY18-19,05/01/2019,104,"16,104"
1413,May,2019,FY18-19,05/01/2019,112,"56,917"
1414,May,2019,FY18-19,05/01/2019,77,"2,766"
1415,May,2019,FY18-19,05/01/2019,120,"6,719"
1416,May,2019,FY18-19,05/01/2019,40,"40,909"
1417,May,2019,FY18-19,05/01/2019,156,"1,643"
1418,May,2019,FY18-19,05/01/2019,Buzz,"12,910"
1419,May,2019,FY18-19,05/01/2019,136,"18,274"
1420,May,2019,FY18-19,05/01/2019,108,"1,434"
1421,May,2019,FY18-19,05/01/2019,531,757
1422,May,2019,FY18-19,05/01/2019,184,"9,173"
1423,May,2019,FY18-19,05/01/2019,541,840
1424,May,2019,FY18-19,05/01/2019,128,"7,436"
1425,May,2019,FY18-19,05/01/2019,61,"43,663"
1426,May,2019,FY18-19,05/01/2019,96,"32,144"
1427,May,2019,FY18-19,05/01/2019,535,"3,409"
1428,May,2019,FY18-19,05/01/2019,30,"23,745"
1429,May,2019,FY18-19,05/01/2019,45,"24,760"
1430,May,2019,FY18-19,05/01/2019,533,"4,310"
1431,Jun,2019,FY18-19,06/01/2019,40,"31,335"
1432,Jun,2019,FY18-19,06/01/2019,77,"2,086"
1433,Jun,2019,FY18-19,06/01/2019,541,34
1434,Jun,2019,FY18-19,06/01/2019,531,100
1435,Jun,2019,FY18-19,06/01/2019,128,"6,151"
1436,Jun,2019,FY18-19,06/01/2019,533,"4,139"
1437,Jun,2019,FY18-19,06/01/2019,136,"15,482"
1438,Jun,2019,FY18-19,06/01/2019,96,"30,054"
1439,Jun,2019,FY18-19,06/01/2019,104,"12,770"
1440,Jun,2019,FY18-19,06/01/2019,535,"3,163"
1441,Jun,2019,FY18-19,06/01/2019,120,"6,203"
1442,Jun,2019,FY18-19,06/01/2019,45,"20,180"
1443,Jun,2019,FY18-19,06/01/2019,112,"51,939"
1444,Jun,2019,FY18-19,06/01/2019,108,"1,288"
1445,Jun,2019,FY18-19,06/01/2019,184,"7,766"
1446,Jun,2019,FY18-19,06/01/2019,156,"1,239"
1447,Jun,2019,FY18-19,06/01/2019,30,"19,406"
1448,Jun,2019,FY18-19,06/01/2019,Buzz,"9,787"
1449,Jun,2019,FY18-19,06/01/2019,61,"39,788"
1450,Jul,2019,FY19-20,07/01/2019,535,"2,921"
1451,Jul,2019,FY19-20,07/01/2019,136,"15,627"
1452,Jul,2019,FY19-20,07/01/2019,40,"31,398"
1453,Jul,2019,FY19-20,07/01/2019,156,"1,118"
1454,Jul,2019,FY19-20,07/01/2019,533,"4,368"
1455,Jul,2019,FY19-20,07/01/2019,541,104
1456,Jul,2019,FY19-20,07/01/2019,96,"30,620"
1457,Jul,2019,FY19-20,07/01/2019,104,"12,889"
1458,Jul,2019,FY19-20,07/01/2019,61,"37,924"
1459,Jul,2019,FY19-20,07/01/2019,184,"8,083"
1460,Jul,2019,FY19-20,07/01/2019,108,"1,473"
1461,Jul,2019,FY19-20,07/01/2019,128,"6,412"
1462,Jul,2019,FY19-20,07/01/2019,531,54
1463,Jul,2019,FY19-20,07/01/2019,112,"52,248"
1464,Jul,2019,FY19-20,07/01/2019,Buzz,"8,969"
1465,Jul,2019,FY19-20,07/01/2019,77,"1,596"
1466,Jul,2019,FY19-20,07/01/2019,30,"20,108"
1467,Jul,2019,FY19-20,07/01/2019,120,"6,393"
1468,Jul,2019,FY19-20,07/01/2019,45,"20,407"
1469,Aug,2019,FY19-20,08/01/2019,541,27
1470,Aug,2019,FY19-20,08/01/2019,77,"1,684"
1471,Aug,2019,FY19-20,08/01/2019,535,"3,403"
1472,Aug,2019,FY19-20,08/01/2019,104,"15,936"
1473,Aug,2019,FY19-20,08/01/2019,156,"1,517"
1474,Aug,2019,FY19-20,08/01/2019,533,"4,205"
1475,Aug,2019,FY19-20,08/01/2019,Buzz,"12,191"
1476,Aug,2019,FY19-20,08/01/2019,184,"9,448"
1477,Aug,2019,FY19-20,08/01/2019,531,38
1478,Aug,2019,FY19-20,08/01/2019,45,"23,288"
1479,Aug,2019,FY19-20,08/01/2019,128,"7,420"
1480,Aug,2019,FY19-20,08/01/2019,30,"23,080"
1481,Aug,2019,FY19-20,08/01/2019,120,"6,483"
1482,Aug,2019,FY19-20,08/01/2019,112,"55,726"
1483,Aug,2019,FY19-20,08/01/2019,40,"34,620"
1484,Aug,2019,FY19-20,08/01/2019,108,"1,513"
1485,Aug,2019,FY19-20,08/01/2019,96,"33,621"
1486,Aug,2019,FY19-20,08/01/2019,136,"12,664"
1487,Aug,2019,FY19-20,08/01/2019,61,"45,877"
1488,Sep,2019,FY19-20,09/01/2019,120,"6,086"
1489,Sep,2019,FY19-20,09/01/2019,533,"4,460"
1490,Sep,2019,FY19-20,09/01/2019,104,"13,275"
1491,Sep,2019,FY19-20,09/01/2019,45,"22,063"
1492,Sep,2019,FY19-20,09/01/2019,77,"1,612"
1493,Sep,2019,FY19-20,09/01/2019,531,346
1494,Sep,2019,FY19-20,09/01/2019,108,"1,670"
1495,Sep,2019,FY19-20,09/01/2019,184,"9,376"
1496,Sep,2019,FY19-20,09/01/2019,535,"3,071"
1497,Sep,2019,FY19-20,09/01/2019,541,274
1498,Sep,2019,FY19-20,09/01/2019,40,"33,436"
1499,Sep,2019,FY19-20,09/01/2019,61,"44,961"
1500,Sep,2019,FY19-20,09/01/2019,156,"1,581"
1501,Sep,2019,FY19-20,09/01/2019,Buzz,"12,681"
1502,Sep,2019,FY19-20,09/01/2019,136,"12,714"
1503,Sep,2019,FY19-20,09/01/2019,96,"33,979"
1504,Sep,2019,FY19-20,09/01/2019,112,"51,750"
1505,Sep,2019,FY19-20,09/01/2019,30,"21,391"
1506,Sep,2019,FY19-20,09/01/2019,128,"6,894"
1507,Oct,2019,FY19-20,10/01/2019,120,"6,313"
1508,Oct,2019,FY19-20,10/01/2019,30,"27,848"
1509,Oct,2019,FY19-20,10/01/2019,Buzz,"13,277"
1510,Oct,2019,FY19-20,10/01/2019,533,"4,710"
1511,Oct,2019,FY19-20,10/01/2019,128,"8,420"
1512,Oct,2019,FY19-20,10/01/2019,45,"25,171"
1513,Oct,2019,FY19-20,10/01/2019,77,"2,083"
1514,Oct,2019,FY19-20,10/01/2019,104,"15,717"
1515,Oct,2019,FY19-20,10/01/2019,112,"59,698"
1516,Oct,2019,FY19-20,10/01/2019,136,"17,500"
1517,Oct,2019,FY19-20,10/01/2019,96,"35,701"
1518,Oct,2019,FY19-20,10/01/2019,61,"48,577"
1519,Oct,2019,FY19-20,10/01/2019,184,"10,455"
1520,Oct,2019,FY19-20,10/01/2019,541,"1,096"
1521,Oct,2019,FY19-20,10/01/2019,156,"1,261"
1522,Oct,2019,FY19-20,10/01/2019,531,"1,234"
1523,Oct,2019,FY19-20,10/01/2019,108,"1,655"
1524,Oct,2019,FY19-20,10/01/2019,535,"3,684"
1525,Oct,2019,FY19-20,10/01/2019,40,"33,058"
1526,Nov,2019,FY19-20,11/01/2019,535,"2,638"
1527,Nov,2019,FY19-20,11/01/2019,104,"15,040"
1528,Nov,2019,FY19-20,11/01/2019,77,"1,930"
1529,Nov,2019,FY19-20,11/01/2019,Buzz,"11,663"
1530,Nov,2019,FY19-20,11/01/2019,120,"5,838"
1531,Nov,2019,FY19-20,11/01/2019,112,"52,405"
1532,Nov,2019,FY19-20,11/01/2019,40,"34,272"
1533,Nov,2019,FY19-20,11/01/2019,30,"20,445"
1534,Nov,2019,FY19-20,11/01/2019,45,"22,208"
1535,Nov,2019,FY19-20,11/01/2019,136,"13,508"
1536,Nov,2019,FY19-20,11/01/2019,156,"1,335"
1537,Nov,2019,FY19-20,11/01/2019,108,"1,809"
1538,Nov,2019,FY19-20,11/01/2019,541,947
1539,Nov,2019,FY19-20,11/01/2019,61,"42,999"
1540,Nov,2019,FY19-20,11/01/2019,96,"31,751"
1541,Nov,2019,FY19-20,11/01/2019,184,"8,996"
1542,Nov,2019,FY19-20,11/01/2019,533,"3,597"
1543,Nov,2019,FY19-20,11/01/2019,128,"8,762"
1544,Nov,2019,FY19-20,11/01/2019,531,991
1545,Dec,2019,FY19-20,12/01/2019,108,"1,553"
1546,Dec,2019,FY19-20,12/01/2019,61,"40,850"
1547,Dec,2019,FY19-20,12/01/2019,45,"22,070"
1548,Dec,2019,FY19-20,12/01/2019,541,882
1549,Dec,2019,FY19-20,12/01/2019,128,"9,125"
1550,Dec,2019,FY19-20,12/01/2019,533,"3,096"
1551,Dec,2019,FY19-20,12/01/2019,77,"2,478"
1552,Dec,2019,FY19-20,12/01/2019,40,"35,985"
1553,Dec,2019,FY19-20,12/01/2019,531,975
1554,Dec,2019,FY19-20,12/01/2019,120,"4,866"
1555,Dec,2019,FY19-20,12/01/2019,136,"13,207"
1556,Dec,2019,FY19-20,12/01/2019,156,846
1557,Dec,2019,FY19-20,12/01/2019,96,"31,259"
1558,Dec,2019,FY19-20,12/01/2019,535,"2,490"
1559,Dec,2019,FY19-20,12/01/2019,30,"20,679"
1560,Dec,2019,FY19-20,12/01/2019,104,"14,338"
1561,Dec,2019,FY19-20,12/01/2019,112,"50,943"
1562,Dec,2019,FY19-20,12/01/2019,184,"8,381"
1563,Dec,2019,FY19-20,12/01/2019,Buzz,"12,321"
1564,Jan,2020,FY19-20,01/01/2020,136,"14,251"
1565,Jan,2020,FY19-20,01/01/2020,104,"16,132"
1566,Jan,2020,FY19-20,01/01/2020,61,"45,084"
1567,Jan,2020,FY19-20,01/01/2020,535,"3,363"
1568,Jan,2020,FY19-20,01/01/2020,541,"1,109"
1569,Jan,2020,FY19-20,01/01/2020,45,"23,159"
1570,Jan,2020,FY19-20,01/01/2020,156,888
1571,Jan,2020,FY19-20,01/01/2020,112,"53,921"
1572,Jan,2020,FY19-20,01/01/2020,108,"1,810"
1573,Jan,2020,FY19-20,01/01/2020,96,"33,367"
1574,Jan,2020,FY19-20,01/01/2020,533,"4,191"
1575,Jan,2020,FY19-20,01/01/2020,184,"9,845"
1576,Jan,2020,FY19-20,01/01/2020,120,"4,625"
1577,Jan,2020,FY19-20,01/01/2020,128,"10,733"
1578,Jan,2020,FY19-20,01/01/2020,40,"36,737"
1579,Jan,2020,FY19-20,01/01/2020,77,"1,840"
1580,Jan,2020,FY19-20,01/01/2020,531,"1,088"
1581,Jan,2020,FY19-20,01/01/2020,30,"22,568"
1582,Jan,2020,FY19-20,01/01/2020,Buzz,"12,133"
1583,Feb,2020,FY19-20,02/01/2020,61,"45,330"
1584,Feb,2020,FY19-20,02/01/2020,128,"8,175"
1585,Feb,2020,FY19-20,02/01/2020,45,"20,642"
1586,Feb,2020,FY19-20,02/01/2020,156,"1,076"
1587,Feb,2020,FY19-20,02/01/2020,77,"2,001"
1588,Feb,2020,FY19-20,02/01/2020,112,"51,592"
1589,Feb,2020,FY19-20,02/01/2020,Buzz,"11,139"
1590,Feb,2020,FY19-20,02/01/2020,30,"22,035"
1591,Feb,2020,FY19-20,02/01/2020,120,"4,698"
1592,Feb,2020,FY19-20,02/01/2020,184,"10,758"
1593,Feb,2020,FY19-20,02/01/2020,96,"32,129"
1594,Feb,2020,FY19-20,02/01/2020,531,966
1595,Feb,2020,FY19-20,02/01/2020,535,"3,173"
1596,Feb,2020,FY19-20,02/01/2020,136,"14,821"
1597,Feb,2020,FY19-20,02/01/2020,104,"15,328"
1598,Feb,2020,FY19-20,02/01/2020,40,"33,578"
1599,Feb,2020,FY19-20,02/01/2020,533,"3,574"
1600,Feb,2020,FY19-20,02/01/2020,541,"1,030"
1601,Feb,2020,FY19-20,02/01/2020,108,"1,630"
1602,Mar,2020,FY19-20,03/01/2020,Buzz,"7,719"
1603,Mar,2020,FY19-20,03/01/2020,96,"25,649"
1604,Mar,2020,FY19-20,03/01/2020,533,"2,204"
1605,Mar,2020,FY19-20,03/01/2020,128,"6,893"
1606,Mar,2020,FY19-20,03/01/2020,104,"11,868"
1607,Mar,2020,FY19-20,03/01/2020,45,"13,951"
1608,Mar,2020,FY19-20,03/01/2020,541,666
1609,Mar,2020,FY19-20,03/01/2020,77,"1,047"
1610,Mar,2020,FY19-20,03/01/2020,61,"31,671"
1611,Mar,2020,FY19-20,03/01/2020,40,"30,078"
1612,Mar,2020,FY19-20,03/01/2020,112,"43,326"
1613,Mar,2020,FY19-20,03/01/2020,108,"1,195"
1614,Mar,2020,FY19-20,03/01/2020,184,"9,196"
1615,Mar,2020,FY19-20,03/01/2020,30,"16,307"
1616,Mar,2020,FY19-20,03/01/2020,156,681
1617,Mar,2020,FY19-20,03/01/2020,535,"1,832"
1618,Mar,2020,FY19-20,03/01/2020,531,602
1619,Mar,2020,FY19-20,03/01/2020,120,"3,347"
1620,Mar,2020,FY19-20,03/01/2020,136,"10,782"
1621,Apr,2020,FY19-20,04/01/2020,40,"23,051"
1622,Apr,2020,FY19-20,04/01/2020,156,447
1623,Apr,2020,FY19-20,04/01/2020,128,"5,041"
1624,Apr,2020,FY19-20,04/01/2020,77,872
1625,Apr,2020,FY19-20,04/01/2020,96,"17,466"
1626,Apr,2020,FY19-20,04/01/2020,531,146
1627,Apr,2020,FY19-20,04/01/2020,Buzz,"5,171"
1628,Apr,2020,FY19-20,04/01/2020,108,908
1629,Apr,2020,FY19-20,04/01/2020,61,"20,847"
1630,Apr,2020,FY19-20,04/01/2020,45,"10,971"
1631,Apr,2020,FY19-20,04/01/2020,533,525
1632,Apr,2020,FY19-20,04/01/2020,541,85
1633,Apr,2020,FY19-20,04/01/2020,120,"2,297"
1634,Apr,2020,FY19-20,04/01/2020,30,"14,243"
1635,Apr,2020,FY19-20,04/01/2020,535,332
1636,Apr,2020,FY19-20,04/01/2020,104,"8,090"
1637,Apr,2020,FY19-20,04/01/2020,112,"30,212"
1638,Apr,2020,FY19-20,04/01/2020,184,"5,855"
1639,Apr,2020,FY19-20,04/01/2020,136,"8,001"
1640,May,2020,FY19-20,05/01/2020,61,"22,273"
1641,May,2020,FY19-20,05/01/2020,120,"2,916"
1642,May,2020,FY19-20,05/01/2020,533,565
1643,May,2020,FY19-20,05/01/2020,156,415
1644,May,2020,FY19-20,05/01/2020,30,"12,895"
1645,May,2020,FY19-20,05/01/2020,112,"31,811"
1646,May,2020,FY19-20,05/01/2020,77,"1,183"
1647,May,2020,FY19-20,05/01/2020,535,192
1648,May,2020,FY19-20,05/01/2020,541,40
1649,May,2020,FY19-20,05/01/2020,184,"6,986"
1650,May,2020,FY19-20,05/01/2020,96,"17,446"
1651,May,2020,FY19-20,05/01/2020,45,"10,049"
1652,May,2020,FY19-20,05/01/2020,40,"31,039"
1653,May,2020,FY19-20,05/01/2020,108,936
1654,May,2020,FY19-20,05/01/2020,Buzz,"4,709"
1655,May,2020,FY19-20,05/01/2020,128,"4,903"
1656,May,2020,FY19-20,05/01/2020,104,"8,301"
1657,May,2020,FY19-20,05/01/2020,136,"8,364"
1658,May,2020,FY19-20,05/01/2020,531,75
1659,Jun,2020,FY19-20,06/01/2020,156,432
1660,Jun,2020,FY19-20,06/01/2020,30,"11,135"
1661,Jun,2020,FY19-20,06/01/2020,77,"1,092"
1662,Jun,2020,FY19-20,06/01/2020,535,183
1663,Jun,2020,FY19-20,06/01/2020,541,76
1664,Jun,2020,FY19-20,06/01/2020,104,"7,918"
1665,Jun,2020,FY19-20,06/01/2020,136,"7,768"
1666,Jun,2020,FY19-20,06/01/2020,Buzz,"4,605"
1667,Jun,2020,FY19-20,06/01/2020,112,"28,677"
1668,Jun,2020,FY19-20,06/01/2020,108,658
1669,Jun,2020,FY19-20,06/01/2020,45,"10,169"
1670,Jun,2020,FY19-20,06/01/2020,531,61
1671,Jun,2020,FY19-20,06/01/2020,96,"17,417"
1672,Jun,2020,FY19-20,06/01/2020,40,"35,619"
1673,Jun,2020,FY19-20,06/01/2020,61,"21,922"
1674,Jun,2020,FY19-20,06/01/2020,120,"2,773"
1675,Jun,2020,FY19-20,06/01/2020,184,"6,777"
1676,Jun,2020,FY19-20,06/01/2020,128,"5,064"
1677,Jun,2020,FY19-20,06/01/2020,533,346
1678,Jul,2020,FY20-21,07/01/2020,Buzz,"4,039"
1679,Jul,2020,FY20-21,07/01/2020,30,"10,756"
1680,Jul,2020,FY20-21,07/01/2020,40,"32,002"
1681,Jul,2020,FY20-21,07/01/2020,45,"10,044"
1682,Jul,2020,FY20-21,07/01/2020,61,"20,950"
1683,Jul,2020,FY20-21,07/01/2020,77,"1,078"
1684,Jul,2020,FY20-21,07/01/2020,96,"16,026"
1685,Jul,2020,FY20-21,07/01/2020,104,"7,546"
1686,Jul,2020,FY20-21,07/01/2020,108,596
1687,Jul,2020,FY20-21,07/01/2020,112,"27,910"
1688,Jul,2020,FY20-21,07/01/2020,120,"2,685"
1689,Jul,2020,FY20-21,07/01/2020,128,"4,090"
1690,Jul,2020,FY20-21,07/01/2020,136,"6,926"
1691,Jul,2020,FY20-21,07/01/2020,156,364
1692,Jul,2020,FY20-21,07/01/2020,184,"6,672"
1693,Jul,2020,FY20-21,07/01/2020,531,62
1694,Jul,2020,FY20-21,07/01/2020,533,320
1695,Jul,2020,FY20-21,07/01/2020,535,168
1696,Jul,2020,FY20-21,07/01/2020,541,73
1697,Aug,2020,FY20-21,08/01/2020,541,12
1698,Aug,2020,FY20-21,08/01/2020,535,228
1699,Aug,2020,FY20-21,08/01/2020,533,306
1700,Aug,2020,FY20-21,08/01/2020,531,32
1701,Aug,2020,FY20-21,08/01/2020,184,"6,904"
1702,Aug,2020,FY20-21,08/01/2020,156,269
1703,Aug,2020,FY20-21,08/01/2020,136,"7,743"
1704,Aug,2020,FY20-21,08/01/2020,128,"4,657"
1705,Aug,2020,FY20-21,08/01/2020,120,"2,367"
1706,Aug,2020,FY20-21,08/01/2020,112,"25,831"
1707,Aug,2020,FY20-21,08/01/2020,108,561
1708,Aug,2020,FY20-21,08/01/2020,104,"6,945"
1709,Aug,2020,FY20-21,08/01/2020,96,"16,059"
1710,Aug,2020,FY20-21,08/01/2020,77,524
1711,Aug,2020,FY20-21,08/01/2020,61,"16,015"
1712,Aug,2020,FY20-21,08/01/2020,45,"8,087"
1713,Aug,2020,FY20-21,08/01/2020,40,"32,624"
1714,Aug,2020,FY20-21,08/01/2020,30,"9,686"
1715,Aug,2020,FY20-21,08/01/2020,Buzz,"4,555"
1716,Sep,2020,FY20-21,09/01/2020,Buzz,"3,644"
1717,Sep,2020,FY20-21,09/01/2020,30,"11,812"
1718,Sep,2020,FY20-21,09/01/2020,40,"34,757"
1719,Sep,2020,FY20-21,09/01/2020,45,"10,638"
1720,Sep,2020,FY20-21,09/01/2020,61,"20,490"
1721,Sep,2020,FY20-21,09/01/2020,77,850
1722,Sep,2020,FY20-21,09/01/2020,96,"16,815"
1723,Sep,2020,FY20-21,09/01/2020,104,"7,291"
1724,Sep,2020,FY20-21,09/01/2020,108,613
1725,Sep,2020,FY20-21,09/01/2020,112,"27,757"
1726,Sep,2020,FY20-21,09/01/2020,120,"2,599"
1727,Sep,2020,FY20-21,09/01/2020,128,"4,429"
1728,Sep,2020,FY20-21,09/01/2020,136,"7,581"
1729,Sep,2020,FY20-21,09/01/2020,156,459
1730,Sep,2020,FY20-21,09/01/2020,184,"7,417"
1731,Sep,2020,FY20-21,09/01/2020,531,67
1732,Sep,2020,FY20-21,09/01/2020,533,366
1733,Sep,2020,FY20-21,09/01/2020,535,209
1734,Sep,2020,FY20-21,09/01/2020,541,80
1735,Oct,2020,FY20-21,10/01/2020,541,107
1736,Oct,2020,FY20-21,10/01/2020,535,178
1737,Oct,2020,FY20-21,10/01/2020,533,477
1738,Oct,2020,FY20-21,10/01/2020,531,52
1739,Oct,2020,FY20-21,10/01/2020,184,"7,893"
1740,Oct,2020,FY20-21,10/01/2020,156,458
1741,Oct,2020,FY20-21,10/01/2020,136,"8,691"
1742,Oct,2020,FY20-21,10/01/2020,128,"5,027"
1743,Oct,2020,FY20-21,10/01/2020,120,"3,137"
1744,Oct,2020,FY20-21,10/01/2020,112,"30,258"
1745,Oct,2020,FY20-21,10/01/2020,108,565
1746,Oct,2020,FY20-21,10/01/2020,104,"8,697"
1747,Oct,2020,FY20-21,10/01/2020,96,"17,846"
1748,Oct,2020,FY20-21,10/01/2020,77,997
1749,Oct,2020,FY20-21,10/01/2020,61,"22,817"
1750,Oct,2020,FY20-21,10/01/2020,45,"12,669"
1751,Oct,2020,FY20-21,10/01/2020,40,"35,872"
1752,Oct,2020,FY20-21,10/01/2020,30,"13,351"
1753,Oct,2020,FY20-21,10/01/2020,Buzz,"5,565"
1754,Nov,2020,FY20-21,11/01/2020,Buzz,"5,311"
1755,Nov,2020,FY20-21,11/01/2020,541,89
1756,Nov,2020,FY20-21,11/01/2020,30,"11,679"
1757,Nov,2020,FY20-21,11/01/2020,40,"33,976"
1758,Nov,2020,FY20-21,11/01/2020,45,"11,115"
1759,Nov,2020,FY20-21,11/01/2020,61,"23,771"
1760,Nov,2020,FY20-21,11/01/2020,77,713
1761,Nov,2020,FY20-21,11/01/2020,96,"16,649"
1762,Nov,2020,FY20-21,11/01/2020,104,"8,547"
1763,Nov,2020,FY20-21,11/01/2020,108,613
1764,Nov,2020,FY20-21,11/01/2020,112,"24,609"
1765,Nov,2020,FY20-21,11/01/2020,120,"2,752"
1766,Nov,2020,FY20-21,11/01/2020,128,"4,114"
1767,Nov,2020,FY20-21,11/01/2020,136,"9,455"
1768,Nov,2020,FY20-21,11/01/2020,156,540
1769,Nov,2020,FY20-21,11/01/2020,184,"7,280"
1770,Nov,2020,FY20-21,11/01/2020,531,54
1771,Nov,2020,FY20-21,11/01/2020,533,289
1772,Nov,2020,FY20-21,11/01/2020,535,175
1773,Dec,2020,FY20-21,12/01/2020,30,"11,926"
1774,Dec,2020,FY20-21,12/01/2020,40,"37,468"
1775,Dec,2020,FY20-21,12/01/2020,45,"11,761"
1776,Dec,2020,FY20-21,12/01/2020,61,"22,022"
1777,Dec,2020,FY20-21,12/01/2020,77,647
1778,Dec,2020,FY20-21,12/01/2020,96,"16,338"
1779,Dec,2020,FY20-21,12/01/2020,104,"8,666"
1780,Dec,2020,FY20-21,12/01/2020,108,634
1781,Dec,2020,FY20-21,12/01/2020,112,"26,945"
1782,Dec,2020,FY20-21,12/01/2020,120,"2,445"
1783,Dec,2020,FY20-21,12/01/2020,128,"4,384"
1784,Dec,2020,FY20-21,12/01/2020,136,"9,599"
1785,Dec,2020,FY20-21,12/01/2020,156,487
1786,Dec,2020,FY20-21,12/01/2020,184,"6,856"
1787,Dec,2020,FY20-21,12/01/2020,531,32
1788,Dec,2020,FY20-21,12/01/2020,533,432
1789,Dec,2020,FY20-21,12/01/2020,535,152
1790,Dec,2020,FY20-21,12/01/2020,541,70
1791,Dec,2020,FY20-21,12/01/2020,Buzz,"4,871"
1792,Jan,2021,FY20-21,01/01/2021,120,"2,439"
1793,Jan,2021,FY20-21,01/01/2021,128,"3,315"
1794,Jan,2021,FY20-21,01/01/2021,136,"9,051"
1795,Jan,2021,FY20-21,01/01/2021,112,"26,566"
1796,Jan,2021,FY20-21,01/01/2021,108,"1,074"
1797,Jan,2021,FY20-21,01/01/2021,104,"7,953"
1798,Jan,2021,FY20-21,01/01/2021,96,"15,909"
1799,Jan,2021,FY20-21,01/01/2021,77,942
1800,Jan,2021,FY20-21,01/01/2021,61,"21,287"
1801,Jan,2021,FY20-21,01/01/2021,45,"10,183"
1802,Jan,2021,FY20-21,01/01/2021,40,"33,836"
1803,Jan,2021,FY20-21,01/01/2021,30,"10,365"
1804,Jan,2021,FY20-21,01/01/2021,156,412
1805,Jan,2021,FY20-21,01/01/2021,184,"6,550"
1806,Jan,2021,FY20-21,01/01/2021,531,50
1807,Jan,2021,FY20-21,01/01/2021,533,513
1808,Jan,2021,FY20-21,01/01/2021,535,128
1809,Jan,2021,FY20-21,01/01/2021,541,118
1810,Jan,2021,FY20-21,01/01/2021,Buzz,"3,949"
1811,Feb,2021,FY20-21,02/01/2021,120,"2,937"
1812,Feb,2021,FY20-21,02/01/2021,128,"3,240"
1813,Feb,2021,FY20-21,02/01/2021,136,"9,580"
1814,Feb,2021,FY20-21,02/01/2021,112,"25,781"
1815,Feb,2021,FY20-21,02/01/2021,108,677
1816,Feb,2021,FY20-21,02/01/2021,104,"9,564"
1817,Feb,2021,FY20-21,02/01/2021,156,533
1818,Feb,2021,FY20-21,02/01/2021,184,"6,219"
1819,Feb,2021,FY20-21,02/01/2021,531,69
1820,Feb,2021,FY20-21,02/01/2021,533,250
1821,Feb,2021,FY20-21,02/01/2021,535,161
1822,Feb,2021,FY20-21,02/01/2021,541,105
1823,Feb,2021,FY20-21,02/01/2021,Buzz,"4,291"
1824,Feb,2021,FY20-21,02/01/2021,30,"12,208"
1825,Feb,2021,FY20-21,02/01/2021,40,"31,839"
1826,Feb,2021,FY20-21,02/01/2021,45,"11,154"
1827,Feb,2021,FY20-21,02/01/2021,61,"19,751"
1828,Feb,2021,FY20-21,02/01/2021,77,784
1829,Feb,2021,FY20-21,02/01/2021,96,"16,276"
1830,Mar,2021,FY20-21,03/01/2021,45,"12,502"
1831,Mar,2021,FY20-21,03/01/2021,40,"34,016"
1832,Mar,2021,FY20-21,03/01/2021,30,"13,872"
1833,Mar,2021,FY20-21,03/01/2021,120,"4,755"
1834,Mar,2021,FY20-21,03/01/2021,128,"3,801"
1835,Mar,2021,FY20-21,03/01/2021,136,"10,381"
1836,Mar,2021,FY20-21,03/01/2021,156,552
1837,Mar,2021,FY20-21,03/01/2021,112,"27,432"
1838,Mar,2021,FY20-21,03/01/2021,108,"1,014"
1839,Mar,2021,FY20-21,03/01/2021,104,"11,404"
1840,Mar,2021,FY20-21,03/01/2021,61,"20,918"
1841,Mar,2021,FY20-21,03/01/2021,96,"18,266"
1842,Mar,2021,FY20-21,03/01/2021,77,699
1843,Mar,2021,FY20-21,03/01/2021,Buzz,"5,437"
1844,Mar,2021,FY20-21,03/01/2021,184,"7,720"
1845,Mar,2021,FY20-21,03/01/2021,531,95
1846,Mar,2021,FY20-21,03/01/2021,533,224
1847,Mar,2021,FY20-21,03/01/2021,535,224
1848,Mar,2021,FY20-21,03/01/2021,541,97
1849,Apr,2021,FY20-21,04/01/2021,112,"23,936"
1850,Apr,2021,FY20-21,04/01/2021,108,"1,198"
1851,Apr,2021,FY20-21,04/01/2021,120,"4,358"
1852,Apr,2021,FY20-21,04/01/2021,128,"3,500"
1853,Apr,2021,FY20-21,04/01/2021,136,"9,994"
1854,Apr,2021,FY20-21,04/01/2021,156,684
1855,Apr,2021,FY20-21,04/01/2021,184,"6,007"
1856,Apr,2021,FY20-21,04/01/2021,531,100
1857,Apr,2021,FY20-21,04/01/2021,533,198
1858,Apr,2021,FY20-21,04/01/2021,535,294
1859,Apr,2021,FY20-21,04/01/2021,541,74
1860,Apr,2021,FY20-21,04/01/2021,Buzz,"5,403"
1861,Apr,2021,FY20-21,04/01/2021,45,"11,325"
1862,Apr,2021,FY20-21,04/01/2021,61,"21,152"
1863,Apr,2021,FY20-21,04/01/2021,104,"10,311"
1864,Apr,2021,FY20-21,04/01/2021,96,"17,691"
1865,Apr,2021,FY20-21,04/01/2021,77,475
1866,Apr,2021,FY20-21,04/01/2021,30,"12,543"
1867,Apr,2021,FY20-21,04/01/2021,40,"32,437"
1868,May,2021,FY20-21,05/01/2021,30,"12,852"
1869,May,2021,FY20-21,05/01/2021,45,"9,642"
1870,May,2021,FY20-21,05/01/2021,40,"30,416"
1871,May,2021,FY20-21,05/01/2021,120,"4,361"
1872,May,2021,FY20-21,05/01/2021,128,"4,579"
1873,May,2021,FY20-21,05/01/2021,112,"25,136"
1874,May,2021,FY20-21,05/01/2021,108,900
1875,May,2021,FY20-21,05/01/2021,104,"9,161"
1876,May,2021,FY20-21,05/01/2021,96,"17,692"
1877,May,2021,FY20-21,05/01/2021,61,"20,580"
1878,May,2021,FY20-21,05/01/2021,77,906
1879,May,2021,FY20-21,05/01/2021,541,65
1880,May,2021,FY20-21,05/01/2021,533,74
1881,May,2021,FY20-21,05/01/2021,535,159
1882,May,2021,FY20-21,05/01/2021,136,"9,462"
1883,May,2021,FY20-21,05/01/2021,156,375
1884,May,2021,FY20-21,05/01/2021,184,"5,739"
1885,May,2021,FY20-21,05/01/2021,531,102
1886,May,2021,FY20-21,05/01/2021,Buzz,"3,937"
1887,Jun,2021,FY20-21,06/01/2021,184,"4,453"
1888,Jun,2021,FY20-21,06/01/2021,531,171
1889,Jun,2021,FY20-21,06/01/2021,533,195
1890,Jun,2021,FY20-21,06/01/2021,535,69
1891,Jun,2021,FY20-21,06/01/2021,541,72
1892,Jun,2021,FY20-21,06/01/2021,Buzz,"4,368"
1893,Jun,2021,FY20-21,06/01/2021,120,"4,116"
1894,Jun,2021,FY20-21,06/01/2021,112,"22,874"
1895,Jun,2021,FY20-21,06/01/2021,108,763
1896,Jun,2021,FY20-21,06/01/2021,104,"6,948"
1897,Jun,2021,FY20-21,06/01/2021,136,"8,089"
1898,Jun,2021,FY20-21,06/01/2021,128,"3,977"
1899,Jun,2021,FY20-21,06/01/2021,156,432
1900,Jun,2021,FY20-21,06/01/2021,30,"10,969"
1901,Jun,2021,FY20-21,06/01/2021,40,"27,581"
1902,Jun,2021,FY20-21,06/01/2021,45,"11,606"
1903,Jun,2021,FY20-21,06/01/2021,61,"18,639"
1904,Jun,2021,FY20-21,06/01/2021,96,"17,199"
1905,Jun,2021,FY20-21,06/01/2021,77,828
1906,Jul,2021,FY21-22,07/01/2021,96,"16,800"
1907,Jul,2021,FY21-22,07/01/2021,104,"6,919"
1908,Jul,2021,FY21-22,07/01/2021,30,"9,717"
1909,Jul,2021,FY21-22,07/01/2021,40,"30,700"
1910,Jul,2021,FY21-22,07/01/2021,45,"7,486"
1911,Jul,2021,FY21-22,07/01/2021,61,"16,389"
1912,Jul,2021,FY21-22,07/01/2021,77,224
1913,Jul,2021,FY21-22,07/01/2021,156,406
1914,Jul,2021,FY21-22,07/01/2021,108,676
1915,Jul,2021,FY21-22,07/01/2021,120,"4,028"
1916,Jul,2021,FY21-22,07/01/2021,128,"2,895"
1917,Jul,2021,FY21-22,07/01/2021,136,"8,006"
1918,Jul,2021,FY21-22,07/01/2021,112,"23,272"
1919,Jul,2021,FY21-22,07/01/2021,184,"5,234"
1920,Jul,2021,FY21-22,07/01/2021,531,68
1921,Jul,2021,FY21-22,07/01/2021,533,171
1922,Jul,2021,FY21-22,07/01/2021,541,24
1923,Jul,2021,FY21-22,07/01/2021,535,164
1924,Jul,2021,FY21-22,07/01/2021,Buzz,"3,835"
1925,Aug,2021,FY21-22,08/01/2021,104,"7,733"
1926,Aug,2021,FY21-22,08/01/2021,96,"15,875"
1927,Aug,2021,FY21-22,08/01/2021,108,706
1928,Aug,2021,FY21-22,08/01/2021,112,"21,478"
1929,Aug,2021,FY21-22,08/01/2021,120,"3,586"
1930,Aug,2021,FY21-22,08/01/2021,128,"3,789"
1931,Aug,2021,FY21-22,08/01/2021,136,"8,808"
1932,Aug,2021,FY21-22,08/01/2021,156,480
1933,Aug,2021,FY21-22,08/01/2021,184,"7,344"
1934,Aug,2021,FY21-22,08/01/2021,531,77
1935,Aug,2021,FY21-22,08/01/2021,533,367
1936,Aug,2021,FY21-22,08/01/2021,535,192
1937,Aug,2021,FY21-22,08/01/2021,541,56
1938,Aug,2021,FY21-22,08/01/2021,Buzz,"6,363"
1939,Aug,2021,FY21-22,08/01/2021,40,"31,689"
1940,Aug,2021,FY21-22,08/01/2021,45,"9,188"
1941,Aug,2021,FY21-22,08/01/2021,61,"18,913"
1942,Aug,2021,FY21-22,08/01/2021,77,320
1943,Aug,2021,FY21-22,08/01/2021,30,"10,417"
1944,Sep,2021,FY21-22,09/01/2021,45,"10,011"
1945,Sep,2021,FY21-22,09/01/2021,30,"10,707"
1946,Sep,2021,FY21-22,09/01/2021,40,"30,654"
1947,Sep,2021,FY21-22,09/01/2021,61,"18,589"
1948,Sep,2021,FY21-22,09/01/2021,77,763
1949,Sep,2021,FY21-22,09/01/2021,96,"16,086"
1950,Sep,2021,FY21-22,09/01/2021,104,"7,059"
1951,Sep,2021,FY21-22,09/01/2021,108,794
1952,Sep,2021,FY21-22,09/01/2021,112,"19,945"
1953,Sep,2021,FY21-22,09/01/2021,120,"3,973"
1954,Sep,2021,FY21-22,09/01/2021,128,"3,744"
1955,Sep,2021,FY21-22,09/01/2021,136,"8,289"
1956,Sep,2021,FY21-22,09/01/2021,156,490
1957,Sep,2021,FY21-22,09/01/2021,184,"7,089"
1958,Sep,2021,FY21-22,09/01/2021,531,133
1959,Sep,2021,FY21-22,09/01/2021,533,393
1960,Sep,2021,FY21-22,09/01/2021,535,237
1961,Sep,2021,FY21-22,09/01/2021,541,163
1962,Sep,2021,FY21-22,09/01/2021,Buzz,"5,263"
1963,Oct,2021,FY21-22,10/01/2021,Buzz,"4,825"
1964,Oct,2021,FY21-22,10/01/2021,541,236
1965,Oct,2021,FY21-22,10/01/2021,535,444
1966,Oct,2021,FY21-22,10/01/2021,533,567
1967,Oct,2021,FY21-22,10/01/2021,531,162
1968,Oct,2021,FY21-22,10/01/2021,184,"6,068"
1969,Oct,2021,FY21-22,10/01/2021,156,730
1970,Oct,2021,FY21-22,10/01/2021,136,"9,666"
1971,Oct,2021,FY21-22,10/01/2021,128,"5,623"
1972,Oct,2021,FY21-22,10/01/2021,120,"4,198"
1973,Oct,2021,FY21-22,10/01/2021,112,"25,682"
1974,Oct,2021,FY21-22,10/01/2021,108,876
1975,Oct,2021,FY21-22,10/01/2021,104,"8,720"
1976,Oct,2021,FY21-22,10/01/2021,96,"17,783"
1977,Oct,2021,FY21-22,10/01/2021,77,817
1978,Oct,2021,FY21-22,10/01/2021,61,"24,105"
1979,Oct,2021,FY21-22,10/01/2021,40,"27,587"
1980,Oct,2021,FY21-22,10/01/2021,30,"12,863"
1981,Oct,2021,FY21-22,10/01/2021,45,"12,238"
1982,Nov,2021,FY21-22,11/01/2021,156,687
1983,Nov,2021,FY21-22,11/01/2021,184,"5,387"
1984,Nov,2021,FY21-22,11/01/2021,531,171
1985,Nov,2021,FY21-22,11/01/2021,533,628
1986,Nov,2021,FY21-22,11/01/2021,535,660
1987,Nov,2021,FY21-22,11/01/2021,541,244
1988,Nov,2021,FY21-22,11/01/2021,Buzz,"6,290"
1989,Nov,2021,FY21-22,11/01/2021,120,"4,519"
1990,Nov,2021,FY21-22,11/01/2021,128,"3,925"
1991,Nov,2021,FY21-22,11/01/2021,136,"10,462"
1992,Nov,2021,FY21-22,11/01/2021,112,"25,805"
1993,Nov,2021,FY21-22,11/01/2021,108,"1,175"
1994,Nov,2021,FY21-22,11/01/2021,104,"8,466"
1995,Nov,2021,FY21-22,11/01/2021,96,"18,377"
1996,Nov,2021,FY21-22,11/01/2021,77,"1,106"
1997,Nov,2021,FY21-22,11/01/2021,61,"23,279"
1998,Nov,2021,FY21-22,11/01/2021,45,"12,815"
1999,Nov,2021,FY21-22,11/01/2021,30,"13,023"
2000,Nov,2021,FY21-22,11/01/2021,40,"22,529"
2001,Dec,2021,FY21-22,12/01/2021,30,"11,564"
2002,Dec,2021,FY21-22,12/01/2021,40,"23,417"
2003,Dec,2021,FY21-22,12/01/2021,61,"22,830"
2004,Dec,2021,FY21-22,12/01/2021,45,"10,750"
2005,Dec,2021,FY21-22,12/01/2021,108,"1,216"
2006,Dec,2021,FY21-22,12/01/2021,104,"8,271"
2007,Dec,2021,FY21-22,12/01/2021,96,"16,722"
2008,Dec,2021,FY21-22,12/01/2021,77,"1,031"
2009,Dec,2021,FY21-22,12/01/2021,112,"23,236"
2010,Dec,2021,FY21-22,12/01/2021,120,"4,348"
2011,Dec,2021,FY21-22,12/01/2021,128,"3,996"
2012,Dec,2021,FY21-22,12/01/2021,136,"9,276"
2013,Dec,2021,FY21-22,12/01/2021,156,576
2014,Dec,2021,FY21-22,12/01/2021,184,"5,347"
2015,Dec,2021,FY21-22,12/01/2021,531,149
2016,Dec,2021,FY21-22,12/01/2021,533,687
2017,Dec,2021,FY21-22,12/01/2021,535,709
2018,Dec,2021,FY21-22,12/01/2021,541,176
2019,Dec,2021,FY21-22,12/01/2021,Buzz,"5,750"
2020,Jan,2022,FY21-22,01/01/2022,120,"4,519"
2021,Jan,2022,FY21-22,01/01/2022,128,"3,154"
2022,Jan,2022,FY21-22,01/01/2022,136,"9,425"
2023,Jan,2022,FY21-22,01/01/2022,156,566
2024,Jan,2022,FY21-22,01/01/2022,184,"5,707"
2025,Jan,2022,FY21-22,01/01/2022,531,160
2026,Jan,2022,FY21-22,01/01/2022,533,636
2027,Jan,2022,FY21-22,01/01/2022,535,768
2028,Jan,2022,FY21-22,01/01/2022,541,209
2029,Jan,2022,FY21-22,01/01/2022,Buzz,"6,525"
2030,Jan,2022,FY21-22,01/01/2022,112,"22,689"
2031,Jan,2022,FY21-22,01/01/2022,108,907
2032,Jan,2022,FY21-22,01/01/2022,104,"7,361"
2033,Jan,2022,FY21-22,01/01/2022,96,"15,678"
2034,Jan,2022,FY21-22,01/01/2022,45,"12,922"
2035,Jan,2022,FY21-22,01/01/2022,61,"20,942"
2036,Jan,2022,FY21-22,01/01/2022,77,931
2037,Jan,2022,FY21-22,01/01/2022,40,"22,939"
2038,Jan,2022,FY21-22,01/01/2022,30,"11,647"
2039,Feb,2022,FY21-22,02/01/2022,30,"10,758"
2040,Feb,2022,FY21-22,02/01/2022,40,"23,235"
2041,Feb,2022,FY21-22,02/01/2022,45,"12,224"
2042,Feb,2022,FY21-22,02/01/2022,61,"20,505"
2043,Feb,2022,FY21-22,02/01/2022,77,739
2044,Feb,2022,FY21-22,02/01/2022,120,"4,996"
2045,Feb,2022,FY21-22,02/01/2022,128,"3,133"
2046,Feb,2022,FY21-22,02/01/2022,136,"9,723"
2047,Feb,2022,FY21-22,02/01/2022,156,591
2048,Feb,2022,FY21-22,02/01/2022,531,122
2049,Feb,2022,FY21-22,02/01/2022,184,"5,618"
2050,Feb,2022,FY21-22,02/01/2022,112,"23,536"
2051,Feb,2022,FY21-22,02/01/2022,108,"1,014"
2052,Feb,2022,FY21-22,02/01/2022,104,"7,602"
2053,Feb,2022,FY21-22,02/01/2022,96,"16,082"
2054,Feb,2022,FY21-22,02/01/2022,533,688
2055,Feb,2022,FY21-22,02/01/2022,535,710
2056,Feb,2022,FY21-22,02/01/2022,541,175
2057,Feb,2022,FY21-22,02/01/2022,Buzz,"6,128"
2058,Mar,2022,FY21-22,03/01/2022,120,"6,062"
2059,Mar,2022,FY21-22,03/01/2022,112,"25,903"
2060,Mar,2022,FY21-22,03/01/2022,108,845
2061,Mar,2022,FY21-22,03/01/2022,128,"4,026"
2062,Mar,2022,FY21-22,03/01/2022,136,"11,628"
2063,Mar,2022,FY21-22,03/01/2022,156,641
2064,Mar,2022,FY21-22,03/01/2022,184,"6,767"
2065,Mar,2022,FY21-22,03/01/2022,531,145
2066,Mar,2022,FY21-22,03/01/2022,533,953
2067,Mar,2022,FY21-22,03/01/2022,535,"1,031"
2068,Mar,2022,FY21-22,03/01/2022,541,217
2069,Mar,2022,FY21-22,03/01/2022,Buzz,"7,093"
2070,Mar,2022,FY21-22,03/01/2022,45,"13,131"
2071,Mar,2022,FY21-22,03/01/2022,61,"22,109"
2072,Mar,2022,FY21-22,03/01/2022,104,"9,004"
2073,Mar,2022,FY21-22,03/01/2022,96,"18,364"
2074,Mar,2022,FY21-22,03/01/2022,77,499
2075,Mar,2022,FY21-22,03/01/2022,40,"25,974"
2076,Mar,2022,FY21-22,03/01/2022,30,"12,600"
2077,Apr,2022,FY21-22,04/01/2022,30,"12,148"
2078,Apr,2022,FY21-22,04/01/2022,45,"12,859"
2079,Apr,2022,FY21-22,04/01/2022,61,"23,314"
2080,Apr,2022,FY21-22,04/01/2022,40,"25,227"
2081,Apr,2022,FY21-22,04/01/2022,120,"5,941"
2082,Apr,2022,FY21-22,04/01/2022,128,"3,908"
2083,Apr,2022,FY21-22,04/01/2022,136,"10,618"
2084,Apr,2022,FY21-22,04/01/2022,112,"25,038"
2085,Apr,2022,FY21-22,04/01/2022,108,"1,017"
2086,Apr,2022,FY21-22,04/01/2022,156,754
2087,Apr,2022,FY21-22,04/01/2022,184,"6,672"
2088,Apr,2022,FY21-22,04/01/2022,531,187
2089,Apr,2022,FY21-22,04/01/2022,533,"1,061"
2090,Apr,2022,FY21-22,04/01/2022,535,"1,010"
2091,Apr,2022,FY21-22,04/01/2022,541,282
2092,Apr,2022,FY21-22,04/01/2022,Buzz,"6,363"
2093,Apr,2022,FY21-22,04/01/2022,104,"8,315"
2094,Apr,2022,FY21-22,04/01/2022,96,"18,036"
2095,Apr,2022,FY21-22,04/01/2022,77,790
2096,May,2022,FY21-22,05/01/2022,30,"12,148"
2097,May,2022,FY21-22,05/01/2022,40,"25,227"
2098,May,2022,FY21-22,05/01/2022,112,"25,038"
2099,May,2022,FY21-22,05/01/2022,108,"1,017"
2100,May,2022,FY21-22,05/01/2022,104,"8,315"
2101,May,2022,FY21-22,05/01/2022,96,"18,036"
2102,May,2022,FY21-22,05/01/2022,45,"12,859"
2103,May,2022,FY21-22,05/01/2022,77,790
2104,May,2022,FY21-22,05/01/2022,61,"23,314"
2105,May,2022,FY21-22,05/01/2022,120,"5,941"
2106,May,2022,FY21-22,05/01/2022,128,"4,276"
2107,May,2022,FY21-22,05/01/2022,136,"10,618"
2108,May,2022,FY21-22,05/01/2022,156,754
2109,May,2022,FY21-22,05/01/2022,184,"6,672"
2110,May,2022,FY21-22,05/01/2022,531,187
2111,May,2022,FY21-22,05/01/2022,533,"1,061"
2112,May,2022,FY21-22,05/01/2022,535,"1,010"
2113,May,2022,FY21-22,05/01/2022,Buzz,"5,921"
2114,May,2022,FY21-22,05/01/2022,541,282
2115,Jun,2022,FY21-22,06/01/2022,541,267
2116,Jun,2022,FY21-22,06/01/2022,Buzz,"5,247"
2117,Jun,2022,FY21-22,06/01/2022,535,"1,197"
2118,Jun,2022,FY21-22,06/01/2022,533,"1,268"
2119,Jun,2022,FY21-22,06/01/2022,531,194
2120,Jun,2022,FY21-22,06/01/2022,184,"7,823"
2121,Jun,2022,FY21-22,06/01/2022,156,458
2122,Jun,2022,FY21-22,06/01/2022,136,"9,424"
2123,Jun,2022,FY21-22,06/01/2022,128,"5,297"
2124,Jun,2022,FY21-22,06/01/2022,120,"6,300"
2125,Jun,2022,FY21-22,06/01/2022,45,"12,008"
2126,Jun,2022,FY21-22,06/01/2022,61,"18,307"
2127,Jun,2022,FY21-22,06/01/2022,77,683
2128,Jun,2022,FY21-22,06/01/2022,96,"16,850"
2129,Jun,2022,FY21-22,06/01/2022,104,"8,990"
2130,Jun,2022,FY21-22,06/01/2022,112,"24,928"
2131,Jun,2022,FY21-22,06/01/2022,108,691
2132,Jun,2022,FY21-22,06/01/2022,40,"24,683"
2133,Jun,2022,FY21-22,06/01/2022,30,"11,273"
2134,Jul,2022,FY22-23,07/01/2022,30,"11,562"
2135,Jul,2022,FY22-23,07/01/2022,40,"25,250"
2136,Jul,2022,FY22-23,07/01/2022,45,"12,055"
2137,Jul,2022,FY22-23,07/01/2022,61,"18,890"
2138,Jul,2022,FY22-23,07/01/2022,77,600
2139,Jul,2022,FY22-23,07/01/2022,96,"16,761"
2140,Jul,2022,FY22-23,07/01/2022,104,"8,179"
2141,Jul,2022,FY22-23,07/01/2022,108,599
2142,Jul,2022,FY22-23,07/01/2022,112,"25,057"
2143,Jul,2022,FY22-23,07/01/2022,120,"6,762"
2144,Jul,2022,FY22-23,07/01/2022,128,"5,342"
2145,Jul,2022,FY22-23,07/01/2022,136,"8,778"
2146,Jul,2022,FY22-23,07/01/2022,156,399
2147,Jul,2022,FY22-23,07/01/2022,184,"7,639"
2148,Jul,2022,FY22-23,07/01/2022,531,205
2149,Jul,2022,FY22-23,07/01/2022,533,881
2150,Jul,2022,FY22-23,07/01/2022,535,715
2151,Jul,2022,FY22-23,07/01/2022,541,252
2152,Jul,2022,FY22-23,07/01/2022,Buzz,"4,914"
2153,Aug,2022,FY22-23,08/01/2022,120,"7,932"
2154,Aug,2022,FY22-23,08/01/2022,128,"6,087"
2155,Aug,2022,FY22-23,08/01/2022,112,"28,440"
2156,Aug,2022,FY22-23,08/01/2022,136,"10,889"
2157,Aug,2022,FY22-23,08/01/2022,156,750
2158,Aug,2022,FY22-23,08/01/2022,184,"8,749"
2159,Aug,2022,FY22-23,08/01/2022,531,213
2160,Aug,2022,FY22-23,08/01/2022,533,"1,204"
2161,Aug,2022,FY22-23,08/01/2022,535,"1,119"
2162,Aug,2022,FY22-23,08/01/2022,108,817
2163,Aug,2022,FY22-23,08/01/2022,104,"10,225"
2164,Aug,2022,FY22-23,08/01/2022,96,"19,972"
2165,Aug,2022,FY22-23,08/01/2022,77,924
2166,Aug,2022,FY22-23,08/01/2022,61,"25,588"
2167,Aug,2022,FY22-23,08/01/2022,45,"15,002"
2168,Aug,2022,FY22-23,08/01/2022,40,"26,243"
2169,Aug,2022,FY22-23,08/01/2022,30,"14,795"
2170,Aug,2022,FY22-23,08/01/2022,Buzz,"6,749"
2171,Aug,2022,FY22-23,08/01/2022,541,319
2172,Sep,2022,FY22-23,09/01/2022,136,"10,625"
2173,Sep,2022,FY22-23,09/01/2022,156,"1,067"
2174,Sep,2022,FY22-23,09/01/2022,120,"8,059"
2175,Sep,2022,FY22-23,09/01/2022,128,"5,902"
2176,Sep,2022,FY22-23,09/01/2022,184,"9,087"
2177,Sep,2022,FY22-23,09/01/2022,531,173
2178,Sep,2022,FY22-23,09/01/2022,533,895
2179,Sep,2022,FY22-23,09/01/2022,535,830
2180,Sep,2022,FY22-23,09/01/2022,541,262
2181,Sep,2022,FY22-23,09/01/2022,Buzz,"7,030"
2182,Sep,2022,FY22-23,09/01/2022,30,"13,698"
2183,Sep,2022,FY22-23,09/01/2022,40,"25,950"
2184,Sep,2022,FY22-23,09/01/2022,45,"16,544"
2185,Sep,2022,FY22-23,09/01/2022,61,"25,210"
2186,Sep,2022,FY22-23,09/01/2022,112,"26,981"
2187,Sep,2022,FY22-23,09/01/2022,108,808
2188,Sep,2022,FY22-23,09/01/2022,104,"9,907"
2189,Sep,2022,FY22-23,09/01/2022,77,"1,032"
2190,Sep,2022,FY22-23,09/01/2022,96,"19,634"
2191,Oct,2022,FY22-23,10/01/2022,45,"15,674"
2192,Oct,2022,FY22-23,10/01/2022,61,"24,497"
2193,Oct,2022,FY22-23,10/01/2022,40,"26,935"
2194,Oct,2022,FY22-23,10/01/2022,30,"14,411"
2195,Oct,2022,FY22-23,10/01/2022,120,"8,103"
2196,Oct,2022,FY22-23,10/01/2022,128,"6,889"
2197,Oct,2022,FY22-23,10/01/2022,136,"10,366"
2198,Oct,2022,FY22-23,10/01/2022,156,856
2199,Oct,2022,FY22-23,10/01/2022,184,"8,501"
2200,Oct,2022,FY22-23,10/01/2022,531,227
2201,Oct,2022,FY22-23,10/01/2022,533,"1,042"
2202,Oct,2022,FY22-23,10/01/2022,112,"28,430"
2203,Oct,2022,FY22-23,10/01/2022,108,"1,060"
2204,Oct,2022,FY22-23,10/01/2022,96,"19,967"
2205,Oct,2022,FY22-23,10/01/2022,104,"9,261"
2206,Oct,2022,FY22-23,10/01/2022,77,"1,462"
2207,Oct,2022,FY22-23,10/01/2022,535,"1,063"
2208,Oct,2022,FY22-23,10/01/2022,541,194
2209,Nov,2022,FY22-23,11/01/2022,96,"15,432"
2210,Nov,2022,FY22-23,11/01/2022,104,"8,542"
2211,Nov,2022,FY22-23,11/01/2022,108,750
2212,Nov,2022,FY22-23,11/01/2022,112,"25,083"
2213,Nov,2022,FY22-23,11/01/2022,120,"7,275"
2214,Nov,2022,FY22-23,11/01/2022,128,"7,197"
2215,Nov,2022,FY22-23,11/01/2022,136,"12,275"
2216,Nov,2022,FY22-23,11/01/2022,156,769
2217,Nov,2022,FY22-23,11/01/2022,184,"7,165"
2218,Nov,2022,FY22-23,11/01/2022,531,298
2219,Nov,2022,FY22-23,11/01/2022,533,"1,236"
2220,Nov,2022,FY22-23,11/01/2022,535,"1,063"
2221,Nov,2022,FY22-23,11/01/2022,30,"14,792"
2222,Nov,2022,FY22-23,11/01/2022,77,"2,496"
2223,Nov,2022,FY22-23,11/01/2022,61,"24,714"
2224,Nov,2022,FY22-23,11/01/2022,45,"12,900"
2225,Nov,2022,FY22-23,11/01/2022,40,"24,797"
2226,Dec,2022,FY22-23,12/01/2022,30,"14,019"
2227,Dec,2022,FY22-23,12/01/2022,40,"24,775"
2228,Dec,2022,FY22-23,12/01/2022,108,664
2229,Dec,2022,FY22-23,12/01/2022,104,"8,575"
2230,Dec,2022,FY22-23,12/01/2022,112,"23,993"
2231,Dec,2022,FY22-23,12/01/2022,120,"6,619"
2232,Dec,2022,FY22-23,12/01/2022,128,"7,097"
2233,Dec,2022,FY22-23,12/01/2022,136,"11,529"
2234,Dec,2022,FY22-23,12/01/2022,96,"13,739"
2235,Dec,2022,FY22-23,12/01/2022,77,"1,958"
2236,Dec,2022,FY22-23,12/01/2022,61,"21,871"
2237,Dec,2022,FY22-23,12/01/2022,45,"12,542"
2238,Dec,2022,FY22-23,12/01/2022,156,509
2239,Dec,2022,FY22-23,12/01/2022,184,"6,076"
2240,Dec,2022,FY22-23,12/01/2022,531,315
2241,Dec,2022,FY22-23,12/01/2022,533,"1,080"
2242,Dec,2022,FY22-23,12/01/2022,535,857
2243,Jan,2023,FY22-23,01/01/2023,112,"24,409"
2244,Jan,2023,FY22-23,01/01/2023,108,727
2245,Jan,2023,FY22-23,01/01/2023,120,"7,010"
2246,Jan,2023,FY22-23,01/01/2023,128,"8,023"
2247,Jan,2023,FY22-23,01/01/2023,136,"10,480"
2248,Jan,2023,FY22-23,01/01/2023,156,821
2249,Jan,2023,FY22-23,01/01/2023,184,"8,562"
2250,Jan,2023,FY22-23,01/01/2023,531,379
2251,Jan,2023,FY22-23,01/01/2023,533,"1,403"
2252,Jan,2023,FY22-23,01/01/2023,535,"1,037"
2253,Jan,2023,FY22-23,01/01/2023,DBuzz,"8,650"
2254,Jan,2023,FY22-23,01/01/2023,Fbuzz,"9,647"
2255,Jan,2023,FY22-23,01/01/2023,45,"11,572"
2256,Jan,2023,FY22-23,01/01/2023,104,"8,283"
2257,Jan,2023,FY22-23,01/01/2023,96,"14,235"
2258,Jan,2023,FY22-23,01/01/2023,61,"20,013"
2259,Jan,2023,FY22-23,01/01/2023,77,"1,906"
2260,Jan,2023,FY22-23,01/01/2023,40,"25,543"
2261,Jan,2023,FY22-23,01/01/2023,30,"15,186"
2262,Feb,2023,FY22-23,02/01/2023,30,"14,430"
2263,Feb,2023,FY22-23,02/01/2023,45,"12,692"
2264,Feb,2023,FY22-23,02/01/2023,40,"24,946"
2265,Feb,2023,FY22-23,02/01/2023,120,"6,780"
2266,Feb,2023,FY22-23,02/01/2023,108,661
2267,Feb,2023,FY22-23,02/01/2023,128,"7,126"
2268,Feb,2023,FY22-23,02/01/2023,136,"9,537"
2269,Feb,2023,FY22-23,02/01/2023,156,593
2270,Feb,2023,FY22-23,02/01/2023,184,"11,625"
2271,Feb,2023,FY22-23,02/01/2023,104,"7,523"
2272,Feb,2023,FY22-23,02/01/2023,96,"14,295"
2273,Feb,2023,FY22-23,02/01/2023,61,"21,381"
2274,Feb,2023,FY22-23,02/01/2023,77,"1,695"
2275,Feb,2023,FY22-23,02/01/2023,531,335
2276,Feb,2023,FY22-23,02/01/2023,533,900
2277,Feb,2023,FY22-23,02/01/2023,535,925
2278,Feb,2023,FY22-23,02/01/2023,DBuzz,"10,035"
2279,Feb,2023,FY22-23,02/01/2023,Fbuzz,"9,594"
2280,Feb,2023,FY22-23,02/01/2023,112,"25,767"
2281,Mar,2023,FY22-23,03/01/2023,DBuzz,"9,749"
2282,Mar,2023,FY22-23,03/01/2023,Fbuzz,"11,274"
2283,Mar,2023,FY22-23,03/01/2023,184,"13,440"
2284,Mar,2023,FY22-23,03/01/2023,531,401
2285,Mar,2023,FY22-23,03/01/2023,533,"1,260"
2286,Mar,2023,FY22-23,03/01/2023,535,942
2287,Mar,2023,FY22-23,03/01/2023,128,"8,093"
2288,Mar,2023,FY22-23,03/01/2023,136,"10,926"
2289,Mar,2023,FY22-23,03/01/2023,156,787
2290,Mar,2023,FY22-23,03/01/2023,120,"7,770"
2291,Mar,2023,FY22-23,03/01/2023,112,"28,565"
2292,Mar,2023,FY22-23,03/01/2023,108,804
2293,Mar,2023,FY22-23,03/01/2023,45,"14,413"
2294,Mar,2023,FY22-23,03/01/2023,61,"25,527"
2295,Mar,2023,FY22-23,03/01/2023,104,"9,321"
2296,Mar,2023,FY22-23,03/01/2023,96,"15,880"
2297,Mar,2023,FY22-23,03/01/2023,77,"2,454"
2298,Mar,2023,FY22-23,03/01/2023,30,"16,839"
2299,Mar,2023,FY22-23,03/01/2023,40,"28,375"
2300,Apr,2023,FY22-23,04/01/2023,30,"15,670"
2301,Apr,2023,FY22-23,04/01/2023,40,"25,252"
2302,Apr,2023,FY22-23,04/01/2023,45,"12,140"
2303,Apr,2023,FY22-23,04/01/2023,77,"2,127"
2304,Apr,2023,FY22-23,04/01/2023,61,"23,046"
2305,Apr,2023,FY22-23,04/01/2023,104,"8,926"
2306,Apr,2023,FY22-23,04/01/2023,96,"15,331"
2307,Apr,2023,FY22-23,04/01/2023,112,"27,407"
2308,Apr,2023,FY22-23,04/01/2023,108,677
2309,Apr,2023,FY22-23,04/01/2023,120,"7,557"
2310,Apr,2023,FY22-23,04/01/2023,128,"7,683"
2311,Apr,2023,FY22-23,04/01/2023,136,"10,779"
2312,Apr,2023,FY22-23,04/01/2023,156,695
2313,Apr,2023,FY22-23,04/01/2023,184,"10,546"
2314,Apr,2023,FY22-23,04/01/2023,533,957
2315,Apr,2023,FY22-23,04/01/2023,535,909
2316,Apr,2023,FY22-23,04/01/2023,531,344
2317,Apr,2023,FY22-23,04/01/2023,DBuzz,"9,279"
2318,Apr,2023,FY22-23,04/01/2023,Fbuzz,"10,681"
2319,May,2023,FY22-23,05/01/2023,128,"7,942"
2320,May,2023,FY22-23,05/01/2023,136,"10,873"
2321,May,2023,FY22-23,05/01/2023,156,"1,154"
2322,May,2023,FY22-23,05/01/2023,184,"6,297"
2323,May,2023,FY22-23,05/01/2023,531,336
2324,May,2023,FY22-23,05/01/2023,533,816
2325,May,2023,FY22-23,05/01/2023,535,808
2326,May,2023,FY22-23,05/01/2023,120,"7,998"
2327,May,2023,FY22-23,05/01/2023,108,937
2328,May,2023,FY22-23,05/01/2023,112,"29,651"
2329,May,2023,FY22-23,05/01/2023,104,"9,163"
2330,May,2023,FY22-23,05/01/2023,96,"15,631"
2331,May,2023,FY22-23,05/01/2023,DBuzz,"10,569"
2332,May,2023,FY22-23,05/01/2023,Fbuzz,"12,223"
2333,May,2023,FY22-23,05/01/2023,77,"2,103"
2334,May,2023,FY22-23,05/01/2023,61,"24,369"
2335,May,2023,FY22-23,05/01/2023,45,"14,133"
2336,May,2023,FY22-23,05/01/2023,40,"25,239"
2337,May,2023,FY22-23,05/01/2023,30,"15,400"
2338,Jun,2023,FY22-23,06/01/2023,30,"13,970"
2339,Jun,2023,FY22-23,06/01/2023,40,"22,835"
2340,Jun,2023,FY22-23,06/01/2023,45,"13,587"
2341,Jun,2023,FY22-23,06/01/2023,61,"20,701"
2342,Jun,2023,FY22-23,06/01/2023,77,"2,565"
2343,Jun,2023,FY22-23,06/01/2023,96,"14,528"
2344,Jun,2023,FY22-23,06/01/2023,104,"8,324"
2345,Jun,2023,FY22-23,06/01/2023,108,900
2346,Jun,2023,FY22-23,06/01/2023,112,"25,151"
2347,Jun,2023,FY22-23,06/01/2023,120,"7,663"
2348,Jun,2023,FY22-23,06/01/2023,128,"6,889"
2349,Jun,2023,FY22-23,06/01/2023,136,"9,635"
2350,Jun,2023,FY22-23,06/01/2023,156,"1,028"
2351,Jun,2023,FY22-23,06/01/2023,184,"5,560"
2352,Jun,2023,FY22-23,06/01/2023,531,353
2353,Jun,2023,FY22-23,06/01/2023,533,822
2354,Jun,2023,FY22-23,06/01/2023,535,724
2355,Jun,2023,FY22-23,06/01/2023,DBuzz,"10,309"
2356,Jun,2023,FY22-23,06/01/2023,Fbuzz,"10,227"
2357,Jul,2023,FY23-24,07/01/2023,120,"7,577"
2358,Jul,2023,FY23-24,07/01/2023,61,"19,726"
2359,Jul,2023,FY23-24,07/01/2023,77,"2,282"
2360,Jul,2023,FY23-24,07/01/2023,112,"25,890"
2361,Jul,2023,FY23-24,07/01/2023,108,716
2362,Jul,2023,FY23-24,07/01/2023,128,"6,842"
2363,Jul,2023,FY23-24,07/01/2023,136,"9,182"
2364,Jul,2023,FY23-24,07/01/2023,104,"8,512"
2365,Jul,2023,FY23-24,07/01/2023,96,"14,061"
2366,Jul,2023,FY23-24,07/01/2023,156,710
2367,Jul,2023,FY23-24,07/01/2023,184,"4,948"
2368,Jul,2023,FY23-24,07/01/2023,531,268
2369,Jul,2023,FY23-24,07/01/2023,533,"1,108"
2370,Jul,2023,FY23-24,07/01/2023,535,775
2371,Jul,2023,FY23-24,07/01/2023,Dbuzz,"9,458"
2372,Jul,2023,FY23-24,07/01/2023,FBuzz,"9,254"
2373,Jul,2023,FY23-24,07/01/2023,30,"13,225"
2374,Jul,2023,FY23-24,07/01/2023,40,"22,960"
2375,Jul,2023,FY23-24,07/01/2023,45,"14,005"
2376,Aug,2023,FY23-24,08/01/2023,30,"15,578"
2377,Aug,2023,FY23-24,08/01/2023,112,"27,136"
2378,Aug,2023,FY23-24,08/01/2023,120,"8,530"
2379,Aug,2023,FY23-24,08/01/2023,128,"7,983"
2380,Aug,2023,FY23-24,08/01/2023,136,"10,189"
2381,Aug,2023,FY23-24,08/01/2023,108,"1,519"
2382,Aug,2023,FY23-24,08/01/2023,104,"10,089"
2383,Aug,2023,FY23-24,08/01/2023,96,"16,405"
2384,Aug,2023,FY23-24,08/01/2023,45,"14,921"
2385,Aug,2023,FY23-24,08/01/2023,61,"22,792"
2386,Aug,2023,FY23-24,08/01/2023,77,"2,283"
2387,Aug,2023,FY23-24,08/01/2023,40,"25,025"
2388,Aug,2023,FY23-24,08/01/2023,184,"6,805"
2389,Aug,2023,FY23-24,08/01/2023,531,229
2390,Aug,2023,FY23-24,08/01/2023,533,986
2391,Aug,2023,FY23-24,08/01/2023,535,993
2392,Aug,2023,FY23-24,08/01/2023,Dbuzz,"13,730"
2393,Aug,2023,FY23-24,08/01/2023,FBuzz,"11,611"
2394,Aug,2023,FY23-24,08/01/2023,156,781
2395,Sep,2023,FY23-24,09/01/2023,30,"16,082"
2396,Sep,2023,FY23-24,09/01/2023,40,"24,465"
2397,Sep,2023,FY23-24,09/01/2023,45,"14,583"
2398,Sep,2023,FY23-24,09/01/2023,61,"23,671"
2399,Sep,2023,FY23-24,09/01/2023,77,"2,718"
2400,Sep,2023,FY23-24,09/01/2023,96,"16,396"
2401,Sep,2023,FY23-24,09/01/2023,112,"27,388"
2402,Sep,2023,FY23-24,09/01/2023,120,"7,597"
2403,Sep,2023,FY23-24,09/01/2023,128,"7,835"
2404,Sep,2023,FY23-24,09/01/2023,136,"11,052"
2405,Sep,2023,FY23-24,09/01/2023,156,"1,058"
2406,Sep,2023,FY23-24,09/01/2023,184,"6,694"
2407,Sep,2023,FY23-24,09/01/2023,104,"9,484"
2408,Sep,2023,FY23-24,09/01/2023,108,"1,169"
2409,Sep,2023,FY23-24,09/01/2023,531,198
2410,Sep,2023,FY23-24,09/01/2023,Dbuzz,"12,344"
2411,Sep,2023,FY23-24,09/01/2023,FBuzz,"10,943"
2412,Sep,2023,FY23-24,09/01/2023,533,849
2413,Sep,2023,FY23-24,09/01/2023,535,790
2414,Oct,2023,FY23-24,10/01/2023,45,"16,601"
2415,Oct,2023,FY23-24,10/01/2023,108,"1,049"
2416,Oct,2023,FY23-24,10/01/2023,112,"28,794"
2417,Oct,2023,FY23-24,10/01/2023,531,231
2418,Oct,2023,FY23-24,10/01/2023,533,"1,180"
2419,Oct,2023,FY23-24,10/01/2023,535,808
2420,Oct,2023,FY23-24,10/01/2023,Dbuzz,"11,822"
2421,Oct,2023,FY23-24,10/01/2023,FBuzz,"13,260"
2422,Oct,2023,FY23-24,10/01/2023,48,208
2423,Oct,2023,FY23-24,10/01/2023,61,"26,234"
2424,Oct,2023,FY23-24,10/01/2023,77,"3,313"
2425,Oct,2023,FY23-24,10/01/2023,96,"17,155"
2426,Oct,2023,FY23-24,10/01/2023,104,"9,969"
2427,Oct,2023,FY23-24,10/01/2023,40,"26,825"
2428,Oct,2023,FY23-24,10/01/2023,30,"16,134"
2429,Oct,2023,FY23-24,10/01/2023,120,"8,177"
2430,Oct,2023,FY23-24,10/01/2023,128,"8,202"
2431,Oct,2023,FY23-24,10/01/2023,136,"11,494"
2432,Oct,2023,FY23-24,10/01/2023,156,881
2433,Oct,2023,FY23-24,10/01/2023,184,"7,024"
2434,Nov,2023,FY23-24,11/01/2023,108,902
2435,Nov,2023,FY23-24,11/01/2023,112,"27,898"
2436,Nov,2023,FY23-24,11/01/2023,120,"7,345"
2437,Nov,2023,FY23-24,11/01/2023,128,"7,220"
2438,Nov,2023,FY23-24,11/01/2023,136,"10,481"
2439,Nov,2023,FY23-24,11/01/2023,156,610
2440,Nov,2023,FY23-24,11/01/2023,184,"5,844"
2441,Nov,2023,FY23-24,11/01/2023,531,239
2442,Nov,2023,FY23-24,11/01/2023,533,"1,136"
2443,Nov,2023,FY23-24,11/01/2023,535,869
2444,Nov,2023,FY23-24,11/01/2023,Dbuzz,"9,767"
2445,Nov,2023,FY23-24,11/01/2023,FBuzz,"12,491"
2446,Nov,2023,FY23-24,11/01/2023,40,"24,182"
2447,Nov,2023,FY23-24,11/01/2023,45,"16,618"
2448,Nov,2023,FY23-24,11/01/2023,30,"13,896"
2449,Nov,2023,FY23-24,11/01/2023,96,"14,234"
2450,Nov,2023,FY23-24,11/01/2023,77,"3,711"
2451,Nov,2023,FY23-24,11/01/2023,61,"25,189"
2452,Nov,2023,FY23-24,11/01/2023,48,619
2453,Nov,2023,FY23-24,11/01/2023,104,"8,097"
2454,Dec,2023,FY23-24,12/01/2023,61,"23,601"
2455,Dec,2023,FY23-24,12/01/2023,30,"14,760"
2456,Dec,2023,FY23-24,12/01/2023,40,"25,086"
2457,Dec,2023,FY23-24,12/01/2023,48,697
2458,Dec,2023,FY23-24,12/01/2023,45,"15,126"
2459,Dec,2023,FY23-24,12/01/2023,Dbuzz,"8,856"
2460,Dec,2023,FY23-24,12/01/2023,FBuzz,"12,551"
2461,Dec,2023,FY23-24,12/01/2023,184,"6,618"
2462,Dec,2023,FY23-24,12/01/2023,531,268
2463,Dec,2023,FY23-24,12/01/2023,533,"1,063"
2464,Dec,2023,FY23-24,12/01/2023,535,736
2465,Dec,2023,FY23-24,12/01/2023,96,"14,741"
2466,Dec,2023,FY23-24,12/01/2023,104,"8,768"
2467,Dec,2023,FY23-24,12/01/2023,108,782
2468,Dec,2023,FY23-24,12/01/2023,112,"26,421"
2469,Dec,2023,FY23-24,12/01/2023,120,"7,181"
2470,Dec,2023,FY23-24,12/01/2023,128,"7,471"
2471,Dec,2023,FY23-24,12/01/2023,136,"11,017"
2472,Dec,2023,FY23-24,12/01/2023,156,515
2473,Dec,2023,FY23-24,12/01/2023,77,"2,856"
2474,Jan,2024,FY23-24,01/01/2024,48,662
2475,Jan,2024,FY23-24,01/01/2024,104,"9,016"
2476,Jan,2024,FY23-24,01/01/2024,96,"15,207"
2477,Jan,2024,FY23-24,01/01/2024,77,"2,723"
2478,Jan,2024,FY23-24,01/01/2024,61,"24,790"
2479,Jan,2024,FY23-24,01/01/2024,112,"29,093"
2480,Jan,2024,FY23-24,01/01/2024,108,825
2481,Jan,2024,FY23-24,01/01/2024,120,"7,613"
2482,Jan,2024,FY23-24,01/01/2024,128,"7,188"
2483,Jan,2024,FY23-24,01/01/2024,136,"11,121"
2484,Jan,2024,FY23-24,01/01/2024,531,215
2485,Jan,2024,FY23-24,01/01/2024,533,"1,402"
2486,Jan,2024,FY23-24,01/01/2024,535,874
2487,Jan,2024,FY23-24,01/01/2024,Dbuzz,"5,635"
2488,Jan,2024,FY23-24,01/01/2024,FBuzz,"8,463"
2489,Jan,2024,FY23-24,01/01/2024,184,"6,721"
2490,Jan,2024,FY23-24,01/01/2024,156,552
2491,Jan,2024,FY23-24,01/01/2024,40,"26,131"
2492,Jan,2024,FY23-24,01/01/2024,45,"15,219"
2493,Jan,2024,FY23-24,01/01/2024,30,"13,691"
2494,Mar,2024,FY23-24,03/01/2024,30,"15,317"
2495,Mar,2024,FY23-24,03/01/2024,48,822
2496,Mar,2024,FY23-24,03/01/2024,61,"27,211"
2497,Mar,2024,FY23-24,03/01/2024,77,"3,268"
2498,Mar,2024,FY23-24,03/01/2024,96,"16,295"
2499,Mar,2024,FY23-24,03/01/2024,104,"9,266"
2500,Mar,2024,FY23-24,03/01/2024,108,"1,147"
2501,Mar,2024,FY23-24,03/01/2024,112,"29,140"
2502,Mar,2024,FY23-24,03/01/2024,120,"7,196"
2503,Mar,2024,FY23-24,03/01/2024,128,"7,150"
2504,Mar,2024,FY23-24,03/01/2024,136,"11,119"
2505,Mar,2024,FY23-24,03/01/2024,156,830
2506,Mar,2024,FY23-24,03/01/2024,184,"7,377"
2507,Mar,2024,FY23-24,03/01/2024,531,8
2508,Mar,2024,FY23-24,03/01/2024,533,209
2509,Mar,2024,FY23-24,03/01/2024,535,839
2510,Mar,2024,FY23-24,03/01/2024,Dbuzz,"1,356"
2511,Mar,2024,FY23-24,03/01/2024,FBuzz,"10,142"
2512,Mar,2024,FY23-24,03/01/2024,40,"28,105"
2513,Mar,2024,FY23-24,03/01/2024,45,"16,197"
2514,Apr,2024,FY23-24,04/01/2024,104,"9,780"
2515,Apr,2024,FY23-24,04/01/2024,535,"1,093"
2516,Apr,2024,FY23-24,04/01/2024,48,775
2517,Apr,2024,FY23-24,04/01/2024,61,"27,523"
2518,Apr,2024,FY23-24,04/01/2024,77,"2,850"
2519,Apr,2024,FY23-24,04/01/2024,96,"16,549"
2520,Apr,2024,FY23-24,04/01/2024,40,"26,859"
2521,Apr,2024,FY23-24,04/01/2024,45,"16,607"
2522,Apr,2024,FY23-24,04/01/2024,Dbuzz,"12,059"
2523,Apr,2024,FY23-24,04/01/2024,FBuzz,"17,206"
2524,Apr,2024,FY23-24,04/01/2024,184,"8,677"
2525,Apr,2024,FY23-24,04/01/2024,531,240
2526,Apr,2024,FY23-24,04/01/2024,533,"1,075"
2527,Apr,2024,FY23-24,04/01/2024,156,731
2528,Apr,2024,FY23-24,04/01/2024,136,"11,000"
2529,Apr,2024,FY23-24,04/01/2024,108,989
2530,Apr,2024,FY23-24,04/01/2024,112,"31,009"
2531,Apr,2024,FY23-24,04/01/2024,120,"8,233"
2532,Apr,2024,FY23-24,04/01/2024,128,"7,791"
2533,Apr,2024,FY23-24,04/01/2024,30,"16,357"
2534,May,2024,FY23-24,05/01/2024,40,"27,776"
2535,May,2024,FY23-24,05/01/2024,45,"15,816"
2536,May,2024,FY23-24,05/01/2024,48,664
2537,May,2024,FY23-24,05/01/2024,112,"30,570"
2538,May,2024,FY23-24,05/01/2024,108,862
2539,May,2024,FY23-24,05/01/2024,104,"9,182"
2540,May,2024,FY23-24,05/01/2024,96,"16,389"
2541,May,2024,FY23-24,05/01/2024,77,"2,304"
2542,May,2024,FY23-24,05/01/2024,128,"7,963"
2543,May,2024,FY23-24,05/01/2024,136,"11,673"
2544,May,2024,FY23-24,05/01/2024,156,720
2545,May,2024,FY23-24,05/01/2024,184,"7,499"
2546,May,2024,FY23-24,05/01/2024,531,187
2547,May,2024,FY23-24,05/01/2024,533,989
2548,May,2024,FY23-24,05/01/2024,61,"24,658"
2549,May,2024,FY23-24,05/01/2024,30,"15,291"
2550,May,2024,FY23-24,05/01/2024,120,"8,438"
2551,May,2024,FY23-24,05/01/2024,Dbuzz,"10,694"
2552,May,2024,FY23-24,05/01/2024,FBuzz,"16,476"
2553,May,2024,FY23-24,05/01/2024,535,923
2554,Jun,2024,FY23-24,06/01/2024,FBuzz,"14,173"
2555,Jun,2024,FY23-24,06/01/2024,61,"20,068"
2556,Jun,2024,FY23-24,06/01/2024,48,620
2557,Jun,2024,FY23-24,06/01/2024,Dbuzz,"7,902"
2558,Jun,2024,FY23-24,06/01/2024,535,824
2559,Jun,2024,FY23-24,06/01/2024,533,808
2560,Jun,2024,FY23-24,06/01/2024,531,20
2561,Jun,2024,FY23-24,06/01/2024,184,"5,809"
2562,Jun,2024,FY23-24,06/01/2024,156,667
2563,Jun,2024,FY23-24,06/01/2024,136,"9,306"
2564,Jun,2024,FY23-24,06/01/2024,112,"27,216"
2565,Jun,2024,FY23-24,06/01/2024,120,"7,055"
2566,Jun,2024,FY23-24,06/01/2024,77,"2,305"
2567,Jun,2024,FY23-24,06/01/2024,96,"13,283"
2568,Jun,2024,FY23-24,06/01/2024,104,"7,683"
2569,Jun,2024,FY23-24,06/01/2024,108,600
2570,Jun,2024,FY23-24,06/01/2024,128,"7,125"
2571,Jun,2024,FY23-24,06/01/2024,45,"13,230"
2572,Jun,2024,FY23-24,06/01/2024,40,"23,808"
2573,Jun,2024,FY23-24,06/01/2024,30,"12,614"
2574,Jul,2024,FY24-25,07/01/2024,30,"12,782"
2575,Jul,2024,FY24-25,07/01/2024,40,"21,712"
2576,Jul,2024,FY24-25,07/01/2024,45,"15,050"
2577,Jul,2024,FY24-25,07/01/2024,61,"16,158"
2578,Jul,2024,FY24-25,07/01/2024,77,"3,139"
2579,Jul,2024,FY24-25,07/01/2024,96,"12,983"
2580,Jul,2024,FY24-25,07/01/2024,104,"6,581"
2581,Jul,2024,FY24-25,07/01/2024,108,433
2582,Jul,2024,FY24-25,07/01/2024,112,"24,326"
2583,Jul,2024,FY24-25,07/01/2024,120,"6,591"
2584,Jul,2024,FY24-25,07/01/2024,128,"6,776"
2585,Jul,2024,FY24-25,07/01/2024,136,"7,883"
2586,Jul,2024,FY24-25,07/01/2024,156,392
2587,Jul,2024,FY24-25,07/01/2024,184,"5,245"
2588,Jul,2024,FY24-25,07/01/2024,531,30
2589,Jul,2024,FY24-25,07/01/2024,533,728
2590,Jul,2024,FY24-25,07/01/2024,535,857
2591,Jul,2024,FY24-25,07/01/2024,DBuzz,"8,395"
2592,Aug,2024,FY24-25,08/01/2024,30,"17,468"
2593,Aug,2024,FY24-25,08/01/2024,40,"26,337"
2594,Aug,2024,FY24-25,08/01/2024,45,"18,314"
2595,Aug,2024,FY24-25,08/01/2024,48,"2,003"
2596,Aug,2024,FY24-25,08/01/2024,61,"18,189"
2597,Aug,2024,FY24-25,08/01/2024,77,"4,301"
2598,Aug,2024,FY24-25,08/01/2024,96,"9,079"
2599,Aug,2024,FY24-25,08/01/2024,104,"9,129"
2600,Aug,2024,FY24-25,08/01/2024,108,"2,703"
2601,Aug,2024,FY24-25,08/01/2024,112,"32,878"
2602,Aug,2024,FY24-25,08/01/2024,120,"8,447"
2603,Aug,2024,FY24-25,08/01/2024,128,"6,833"
2604,Aug,2024,FY24-25,08/01/2024,136,"8,730"
2605,Aug,2024,FY24-25,08/01/2024,156,"3,231"
2606,Aug,2024,FY24-25,08/01/2024,184,"6,663"
2607,Aug,2024,FY24-25,08/01/2024,531,16
2608,Aug,2024,FY24-25,08/01/2024,DBuzz,"12,197"
2609,Aug,2024,FY24-25,08/01/2024,533,6
2610,Aug,2024,FY24-25,08/01/2024,535,739
2611,Sep,2024,FY24-25,09/01/2024,30,"17,970"
2612,Sep,2024,FY24-25,09/01/2024,40,"27,296"
2613,Sep,2024,FY24-25,09/01/2024,45,"13,212"
2614,Sep,2024,FY24-25,09/01/2024,48,"2,918"
2615,Sep,2024,FY24-25,09/01/2024,61,"19,501"
2616,Sep,2024,FY24-25,09/01/2024,77,"2,900"
2617,Sep,2024,FY24-25,09/01/2024,DBuzz,"10,887"
2618,Sep,2024,FY24-25,09/01/2024,184,"7,043"
2619,Sep,2024,FY24-25,09/01/2024,531,180
2620,Sep,2024,FY24-25,09/01/2024,533,"1,180"
2621,Sep,2024,FY24-25,09/01/2024,535,986
2622,Sep,2024,FY24-25,09/01/2024,96,"6,209"
2623,Sep,2024,FY24-25,09/01/2024,104,"9,373"
2624,Sep,2024,FY24-25,09/01/2024,108,"3,682"
2625,Sep,2024,FY24-25,09/01/2024,112,"36,642"
2626,Sep,2024,FY24-25,09/01/2024,120,"8,991"
2627,Sep,2024,FY24-25,09/01/2024,128,"6,965"
2628,Sep,2024,FY24-25,09/01/2024,136,"8,159"
2629,Sep,2024,FY24-25,09/01/2024,156,"5,024"
2630,Nov,2024,FY24-25,11/01/2024,535,693
2631,Nov,2024,FY24-25,11/01/2024,533,747
2632,Nov,2024,FY24-25,11/01/2024,531,122
2633,Nov,2024,FY24-25,11/01/2024,184,"7,181"
2634,Nov,2024,FY24-25,11/01/2024,Fbuzz,"16,117"
2635,Nov,2024,FY24-25,11/01/2024,DBuzz,"11,549"
2636,Nov,2024,FY24-25,11/01/2024,156,"1,125"
2637,Nov,2024,FY24-25,11/01/2024,136,"11,361"
2638,Nov,2024,FY24-25,11/01/2024,128,"8,237"
2639,Nov,2024,FY24-25,11/01/2024,120,"7,811"
2640,Nov,2024,FY24-25,11/01/2024,112,"23,557"
2641,Nov,2024,FY24-25,11/01/2024,108,707
2642,Nov,2024,FY24-25,11/01/2024,104,"8,593"
2643,Nov,2024,FY24-25,11/01/2024,96,"13,545"
2644,Nov,2024,FY24-25,11/01/2024,77,"2,788"
2645,Nov,2024,FY24-25,11/01/2024,61,"33,575"
2646,Nov,2024,FY24-25,11/01/2024,48,956
2647,Nov,2024,FY24-25,11/01/2024,30,"18,048"
2648,Nov,2024,FY24-25,11/01/2024,40,"24,996"
2649,Nov,2024,FY24-25,11/01/2024,45,"15,032"
2650,Dec,2024,FY24-25,12/01/2024,30,"17,276"
2651,Dec,2024,FY24-25,12/01/2024,40,"23,584"
2652,Dec,2024,FY24-25,12/01/2024,45,"15,905"
2653,Dec,2024,FY24-25,12/01/2024,48,843
2654,Dec,2024,FY24-25,12/01/2024,61,"29,190"
2655,Dec,2024,FY24-25,12/01/2024,77,"3,341"
2656,Dec,2024,FY24-25,12/01/2024,96,"14,402"
2657,Dec,2024,FY24-25,12/01/2024,104,"8,208"
2658,Dec,2024,FY24-25,12/01/2024,108,616
2659,Dec,2024,FY24-25,12/01/2024,112,"24,177"
2660,Dec,2024,FY24-25,12/01/2024,120,"7,301"
2661,Dec,2024,FY24-25,12/01/2024,128,"8,212"
2662,Dec,2024,FY24-25,12/01/2024,184,"6,929"
2663,Dec,2024,FY24-25,12/01/2024,531,130
2664,Dec,2024,FY24-25,12/01/2024,533,769
2665,Dec,2024,FY24-25,12/01/2024,535,718
2666,Dec,2024,FY24-25,12/01/2024,DBuzz,"11,439"
2667,Dec,2024,FY24-25,12/01/2024,Fbuzz,"16,640"
2668,Dec,2024,FY24-25,12/01/2024,156,777
2669,Dec,2024,FY24-25,12/01/2024,136,"11,056"
